{
  "001": { "rarity":"1★", "image":"http://fate-go.cirnopedia.org/icons/ccode_icon/ccode_icon_001.png", "name_jp":"コード:モータル", "name_eng":"Code: Mortal", "effect":"Apply Special Attack Human 5%", "obtained":"Friend Point Summon  ", "number":"001"},
  "002": { "rarity":"1★", "image":"http://fate-go.cirnopedia.org/icons/ccode_icon/ccode_icon_002.png", "name_jp":"コード:ブルート", "name_eng":"Code: Brute", "effect":"Apply Special Attack Beast 5%", "obtained":"Friend Point Summon  ", "number":"002"},
  "003": { "rarity":"1★", "image":"http://fate-go.cirnopedia.org/icons/ccode_icon/ccode_icon_003.png", "name_jp":"コード:コープス", "name_eng":"Code: Corpse", "effect":"Apply Special Attack Undead 5%", "obtained":"Friend Point Summon  ", "number":"003"},
  "004": { "rarity":"1★", "image":"http://fate-go.cirnopedia.org/icons/ccode_icon/ccode_icon_004.png", "name_jp":"コード:イービル", "name_eng":"Code: Evil", "effect":"Apply Special Attack Demonic 5%", "obtained":"Friend Point Summon  ", "number":"004"},
  "005": { "rarity":"1★", "image":"http://fate-go.cirnopedia.org/icons/ccode_icon/ccode_icon_005.png", "name_jp":"コード:ニンバス", "name_eng":"Code: Nimbus", "effect":"Apply Special Attack Divine 5%", "obtained":"Friend Point Summon  ", "number":"005"},
  "006": { "rarity":"2★", "image":"http://fate-go.cirnopedia.org/icons/ccode_icon/ccode_icon_006.png", "name_jp":"コード:ブレス", "name_eng":"Code: Breath", "effect":"Restore own HP by 100", "obtained":"Friend Point Summon  ", "number":"006"},
  "007": { "rarity":"2★", "image":"http://fate-go.cirnopedia.org/icons/ccode_icon/ccode_icon_007.png", "name_jp":"コード:グリッター", "name_eng":"Code: Glitter", "effect":"Increase Critical Star Drop Rate by 20%", "obtained":"Friend Point Summon  ", "number":"007"},
  "008": { "rarity":"2★", "image":"http://fate-go.cirnopedia.org/icons/ccode_icon/ccode_icon_008.png", "name_jp":"コード:バースト", "name_eng":"Code: Burst", "effect":"Increase Critical Strength by 3%", "obtained":"Friend Point Summon  ", "number":"008"},
  "009": { "rarity":"2★", "image":"http://fate-go.cirnopedia.org/icons/ccode_icon/ccode_icon_009.png", "name_jp":"コード:フォーカス", "name_eng":"Code: Focus", "effect":"Increase Critical Star Gather Rate by 25%", "obtained":"Friend Point Summon  ", "number":"009"},
  "010": { "rarity":"2★", "image":"http://fate-go.cirnopedia.org/icons/ccode_icon/ccode_icon_010.png", "name_jp":"コード:キュアー", "name_eng":"Code: Cure", "effect":"Remove 1 Poison, Curse, or Burn Debuff from self", "obtained":"Friend Point Summon  ", "number":"010"},
  "011": { "rarity":"3★", "image":"http://fate-go.cirnopedia.org/icons/ccode_icon/ccode_icon_011.png", "name_jp":"ラッキービースト", "name_eng":"Lucky Beast", "effect":"Restore own HP by 200", "obtained":"Command Code Release Commemoration Quest  ", "number":"011"},
  "012": { "rarity":"3★", "image":"http://fate-go.cirnopedia.org/icons/ccode_icon/ccode_icon_012.png", "name_jp":"人理の紋章", "name_eng":"Crest of Humanity", "effect":"Increase Critical Star Drop Rate by 30%", "obtained":"Servant Summer Festival!  ", "number":"012"},
  "013": { "rarity":"4★", "image":"http://fate-go.cirnopedia.org/icons/ccode_icon/ccode_icon_013.png", "name_jp":"勝利の兵装", "name_eng":"Armament of Victory", "effect":"Increase Critical Star Gather Rate by 100%", "obtained":"Servant Summer Festival!  ", "number":"013"},
  "014": { "rarity":"5★", "image":"http://fate-go.cirnopedia.org/icons/ccode_icon/ccode_icon_014.png", "name_jp":"ファーストサーヴァント", "name_eng":"First Servant", "effect":"Apply Damage Cut 300 (1 time, 1 turn)", "obtained":"Servant Summer Festival!  ", "number":"014"},
  "015": { "rarity":"3★", "image":"http://fate-go.cirnopedia.org/icons/ccode_icon/ccode_icon_015.png", "name_jp":"赤き宝石嬢の令印", "name_eng":"Command Spells of the Crimson Jewel Lady", "effect":"Increase Critical Strength by 10%", "obtained":"Battle in New York 2018  ", "number":"015"},
  "016": { "rarity":"4★", "image":"http://fate-go.cirnopedia.org/icons/ccode_icon/ccode_icon_016.png", "name_jp":"神縫いの鎖", "name_eng":"Chain of God Binding", "effect":"Apply Special Attack Divine 15%", "obtained":"Battle in New York 2018  ", "number":"016"},
  "017": { "rarity":"5★", "image":"http://fate-go.cirnopedia.org/icons/ccode_icon/ccode_icon_017.png", "name_jp":"天の楔", "name_eng":"Linchpin of Heaven", "effect":"Apply Special Attack Servant 20% (Invalid against Servants with Star attribute)", "obtained":"Battle in New York 2018  ", "number":"017"},
  "018": { "rarity":"3★", "image":"http://fate-go.cirnopedia.org/icons/ccode_icon/ccode_icon_018.png", "name_jp":"白き器の令印", "name_eng":"Command Spells of the White Vessel", "effect":"Remove 1 Debuff from self", "obtained":"ONILAND of the Mysterious Kingdom!!  ", "number":"018"},
  "019": { "rarity":"4★", "image":"http://fate-go.cirnopedia.org/icons/ccode_icon/ccode_icon_019.png", "name_jp":"竜殺しの剣", "name_eng":"Sword of the Dragon Slayer", "effect":"Increase Critical Strength against Dragon by 25%", "obtained":"ONILAND of the Mysterious Kingdom!!  ", "number":"019"},
  "020": { "rarity":"5★", "image":"http://fate-go.cirnopedia.org/icons/ccode_icon/ccode_icon_020.png", "name_jp":"黄昏の魔竜", "name_eng":"Evil Dragon of the Twilight", "effect":"Apply Special Attack Dragon 20%", "obtained":"ONILAND of the Mysterious Kingdom!!  ", "number":"020"},
  "021": { "rarity":"3★", "image":"http://fate-go.cirnopedia.org/icons/ccode_icon/ccode_icon_021.png", "name_jp":"愛の狩人", "name_eng":"Hunter of Love", "effect":"Apply Sure Hit", "obtained":"15M DL Commemoration Campaign  ", "number":"021"},
  "022": { "rarity":"3★", "image":"http://fate-go.cirnopedia.org/icons/ccode_icon/ccode_icon_022.png", "name_jp":"黒き信徒の令印", "name_eng":"Command Spells of the Black Follower", "effect":"Remove 1 DEF Up Buff from the enemy", "obtained":"Christmas 2018: Holy Samba Night  ", "number":"022"},
  "023": { "rarity":"4★", "image":"http://fate-go.cirnopedia.org/icons/ccode_icon/ccode_icon_023.png", "name_jp":"始まりと終わりの剣", "name_eng":"Sword of the Beginning and the End", "effect":"Increase damage by 1000", "obtained":"Christmas 2018: Holy Samba Night  ", "number":"023"},
  "024": { "rarity":"5★", "image":"http://fate-go.cirnopedia.org/icons/ccode_icon/ccode_icon_024.png", "name_jp":"聖夜の極光", "name_eng":"Polar Lights of the Holy Night", "effect":"Gain 4 Critical Stars", "obtained":"Christmas 2018: Holy Samba Night  ", "number":"024"}
}
