[{"Item":"Proof of Hero","Number":1,"Area":"Orleans","Quest":"Marseille","AP_per_Run":7,"BP_AP":30.3,"AP_per_Drop":18,"Drop_Chance":38.9,"Image":"https://cirnopedia.org/fate-go/icons/item/item_009.png"},
{"Item":"Proof of Hero","Number":2,"Area":"Okeanos","Quest":"Pirate Ship","AP_per_Run":12,"BP_AP":33.7,"AP_per_Drop":19.4,"Drop_Chance":61.8,"Image":"https://cirnopedia.org/fate-go/icons/item/item_009.png"},
{"Item":"Proof of Hero","Number":3,"Area":"Septem","Quest":"Mediolanum","AP_per_Run":9,"BP_AP":28.9,"AP_per_Drop":23.3,"Drop_Chance":38.7,"Image":"https://cirnopedia.org/fate-go/icons/item/item_009.png"},
{"Item":"Proof of Hero","Number":4,"Area":"Septem","Quest":"Florence","AP_per_Run":9,"BP_AP":28.9,"AP_per_Drop":24,"Drop_Chance":37.5,"Image":"https://cirnopedia.org/fate-go/icons/item/item_009.png"},
{"Item":"Proof of Hero","Number":5,"Area":"Orleans","Quest":"Domremy","AP_per_Run":7,"BP_AP":26.9,"AP_per_Drop":24.5,"Drop_Chance":28.6,"Image":"https://cirnopedia.org/fate-go/icons/item/item_009.png"},
{"Item":"Evil Bone","Number":1,"Area":"Fuyuki","Quest":"Unknown Coordinates X-C","AP_per_Run":4,"BP_AP":23,"AP_per_Drop":20.4,"Drop_Chance":19.6,"Image":"https://cirnopedia.org/fate-go/icons/item/item_022.png"},
{"Item":"Evil Bone","Number":2,"Area":"Fuyuki","Quest":"Unknown Coordinates X-D","AP_per_Run":4,"BP_AP":29,"AP_per_Drop":21.4,"Drop_Chance":18.7,"Image":"https://cirnopedia.org/fate-go/icons/item/item_022.png"},
{"Item":"Evil Bone","Number":3,"Area":"Fuyuki","Quest":"Unknown Coordinates X-F","AP_per_Run":5,"BP_AP":32.8,"AP_per_Drop":23.2,"Drop_Chance":21.5,"Image":"https://cirnopedia.org/fate-go/icons/item/item_022.png"},
{"Item":"Evil Bone","Number":4,"Area":"Fuyuki","Quest":"Unknown Coordinates X-G","AP_per_Run":15,"BP_AP":36.5,"AP_per_Drop":24.1,"Drop_Chance":62.3,"Image":"https://cirnopedia.org/fate-go/icons/item/item_022.png"},
{"Item":"Evil Bone","Number":5,"Area":"Fuyuki","Quest":"Unknown Coordinates X-E","AP_per_Run":5,"BP_AP":28,"AP_per_Drop":28.8,"Drop_Chance":17.4,"Image":"https://cirnopedia.org/fate-go/icons/item/item_022.png"},
{"Item":"Dragon Fang","Number":1,"Area":"E Pluribus Unum","Quest":"Deming","AP_per_Run":17,"BP_AP":42.1,"AP_per_Drop":24.2,"Drop_Chance":70.3,"Image":"https://cirnopedia.org/fate-go/icons/item/item_018.png"},
{"Item":"Dragon Fang","Number":2,"Area":"Okeanos","Quest":"Island of Wyverns","AP_per_Run":14,"BP_AP":37.4,"AP_per_Drop":27.6,"Drop_Chance":50.7,"Image":"https://cirnopedia.org/fate-go/icons/item/item_018.png"},
{"Item":"Dragon Fang","Number":3,"Area":"Babylonia","Quest":"Eridu","AP_per_Run":21,"BP_AP":45.5,"AP_per_Drop":28.4,"Drop_Chance":74.1,"Image":"https://cirnopedia.org/fate-go/icons/item/item_018.png"},
{"Item":"Dragon Fang","Number":4,"Area":"Okeanos","Quest":"Mapped Island","AP_per_Run":13,"BP_AP":34.8,"AP_per_Drop":39.9,"Drop_Chance":32.6,"Image":"https://cirnopedia.org/fate-go/icons/item/item_018.png"},
{"Item":"Dragon Fang","Number":5,"Area":"Camelot","Quest":"East Village","AP_per_Run":19,"BP_AP":44,"AP_per_Drop":48.2,"Drop_Chance":39.4,"Image":"https://cirnopedia.org/fate-go/icons/item/item_018.png"},
{"Item":"Void's Dust","Number":1,"Area":"E Pluribus Unum","Quest":"Charlotte","AP_per_Run":20,"BP_AP":45.4,"AP_per_Drop":32.1,"Drop_Chance":62.2,"Image":"https://cirnopedia.org/fate-go/icons/item/item_011.png"},
{"Item":"Void's Dust","Number":2,"Area":"Camelot","Quest":"West Village Ruins","AP_per_Run":20,"BP_AP":43,"AP_per_Drop":36.8,"Drop_Chance":54.3,"Image":"https://cirnopedia.org/fate-go/icons/item/item_011.png"},
{"Item":"Void's Dust","Number":3,"Area":"Septem","Quest":"Massilia","AP_per_Run":9,"BP_AP":28.9,"AP_per_Drop":48.8,"Drop_Chance":18.5,"Image":"https://cirnopedia.org/fate-go/icons/item/item_011.png"},
{"Item":"Void's Dust","Number":4,"Area":"Fuyuki","Quest":"Unknown Coordinates X-F","AP_per_Run":5,"BP_AP":32.8,"AP_per_Drop":55.4,"Drop_Chance":9,"Image":"https://cirnopedia.org/fate-go/icons/item/item_011.png"},
{"Item":"Void's Dust","Number":5,"Area":"E Pluribus Unum","Quest":"Riverton","AP_per_Run":17,"BP_AP":40.7,"AP_per_Drop":56.3,"Drop_Chance":30.2,"Image":"https://cirnopedia.org/fate-go/icons/item/item_011.png"},
{"Item":"Fool's Chain","Number":1,"Area":"Camelot","Quest":"Wastelands of Death","AP_per_Run":19,"BP_AP":44,"AP_per_Drop":29,"Drop_Chance":65.5,"Image":"https://cirnopedia.org/fate-go/icons/item/item_151.png"},
{"Item":"Fool's Chain","Number":2,"Area":"Camelot","Quest":"Hidden Village","AP_per_Run":21,"BP_AP":47.8,"AP_per_Drop":69.5,"Drop_Chance":30.2,"Image":""},
{"Item":"Fool's Chain","Number":3,"Area":"Camelot","Quest":"Great Temple","AP_per_Run":22,"BP_AP":48.9,"AP_per_Drop":77.9,"Drop_Chance":28.2,"Image":""},
{"Item":"Fool's Chain","Number":4,"Area":"","Quest":"","AP_per_Run":"","BP_AP":"","AP_per_Drop":"","Drop_Chance":"","Image":""},
{"Item":"Fool's Chain","Number":5,"Area":"","Quest":"","AP_per_Run":"","BP_AP":"","AP_per_Drop":"","Drop_Chance":"","Image":""},
{"Item":"Deadly Poisonous Needle","Number":1,"Area":"Babylonia","Quest":"Field of Reeds","AP_per_Run":21,"BP_AP":46.7,"AP_per_Drop":35.2,"Drop_Chance":59.7,"Image":"https://cirnopedia.org/fate-go/icons/item/item_194.png"},
{"Item":"Deadly Poisonous Needle","Number":2,"Area":"Babylonia","Quest":"Plateau","AP_per_Run":20,"BP_AP":46.6,"AP_per_Drop":36,"Drop_Chance":55.6,"Image":""},
{"Item":"Deadly Poisonous Needle","Number":3,"Area":"Babylonia","Quest":"Northern Wall","AP_per_Run":21,"BP_AP":47.8,"AP_per_Drop":51,"Drop_Chance":41.2,"Image":""},
{"Item":"Deadly Poisonous Needle","Number":4,"Area":"Babylonia","Quest":"Bog","AP_per_Run":21,"BP_AP":45.5,"AP_per_Drop":94.5,"Drop_Chance":22.2,"Image":""},
{"Item":"Deadly Poisonous Needle","Number":5,"Area":"Babylonia","Quest":"Nippur","AP_per_Run":21,"BP_AP":49,"AP_per_Drop":126,"Drop_Chance":16.7,"Image":""},
{"Item":"Magic Cerebrospinal Fluid","Number":1,"Area":"","Quest":"","AP_per_Run":"","BP_AP":"","AP_per_Drop":"","Drop_Chance":"","Image":"https://cirnopedia.org/fate-go/icons/item/item_202.png"},
{"Item":"Magic Cerebrospinal Fluid","Number":2,"Area":"","Quest":"","AP_per_Run":"","BP_AP":"","AP_per_Drop":"","Drop_Chance":"","Image":""},
{"Item":"Magic Cerebrospinal Fluid","Number":3,"Area":"","Quest":"","AP_per_Run":"","BP_AP":"","AP_per_Drop":"","Drop_Chance":"","Image":""},
{"Item":"Magic Cerebrospinal Fluid","Number":4,"Area":"","Quest":"","AP_per_Run":"","BP_AP":"","AP_per_Drop":"","Drop_Chance":"","Image":""},
{"Item":"Magic Cerebrospinal Fluid","Number":5,"Area":"","Quest":"","AP_per_Run":"","BP_AP":"","AP_per_Drop":"","Drop_Chance":"","Image":""},
{"Item":"Night-Weeping Iron Stake","Number":1,"Area":"","Quest":"","AP_per_Run":"","BP_AP":"","AP_per_Drop":"","Drop_Chance":"","Image":"https://i.imgur.com/If1YVv5.png"},
{"Item":"Night-Weeping Iron Stake","Number":2,"Area":"","Quest":"","AP_per_Run":"","BP_AP":"","AP_per_Drop":"","Drop_Chance":"","Image":""},
{"Item":"Night-Weeping Iron Stake","Number":3,"Area":"","Quest":"","AP_per_Run":"","BP_AP":"","AP_per_Drop":"","Drop_Chance":"","Image":""},
{"Item":"Night-Weeping Iron Stake","Number":4,"Area":"","Quest":"","AP_per_Run":"","BP_AP":"","AP_per_Drop":"","Drop_Chance":"","Image":""},
{"Item":"Night-Weeping Iron Stake","Number":5,"Area":"","Quest":"","AP_per_Run":"","BP_AP":"","AP_per_Drop":"","Drop_Chance":"","Image":""},
{"Item":"Volatile Gunpowder","Number":1,"Area":"","Quest":"","AP_per_Run":"","BP_AP":"","AP_per_Drop":"","Drop_Chance":"","Image":"https://i.imgur.com/9FKaYCf.png"},
{"Item":"Volatile Gunpowder","Number":2,"Area":"","Quest":"","AP_per_Run":"","BP_AP":"","AP_per_Drop":"","Drop_Chance":"","Image":""},
{"Item":"Volatile Gunpowder","Number":3,"Area":"","Quest":"","AP_per_Run":"","BP_AP":"","AP_per_Drop":"","Drop_Chance":"","Image":""},
{"Item":"Volatile Gunpowder","Number":4,"Area":"","Quest":"","AP_per_Run":"","BP_AP":"","AP_per_Drop":"","Drop_Chance":"","Image":""},
{"Item":"Volatile Gunpowder","Number":5,"Area":"","Quest":"","AP_per_Run":"","BP_AP":"","AP_per_Drop":"","Drop_Chance":"","Image":""},
{"Item":"Seed of Yggdrasil","Number":1,"Area":"Babylonia","Quest":"Fallen Babylon","AP_per_Run":20,"BP_AP":46.6,"AP_per_Drop":43.3,"Drop_Chance":46.2,"Image":"https://cirnopedia.org/fate-go/icons/item/item_008.png"},
{"Item":"Seed of Yggdrasil","Number":2,"Area":"Okeanos","Quest":"Bountiful Sea","AP_per_Run":18,"BP_AP":43.8,"AP_per_Drop":56.1,"Drop_Chance":32.1,"Image":"https://cirnopedia.org/fate-go/icons/item/item_008.png"},
{"Item":"Seed of Yggdrasil","Number":3,"Area":"Orleans","Quest":"Bordeaux","AP_per_Run":7,"BP_AP":30.3,"AP_per_Drop":60.3,"Drop_Chance":11.6,"Image":"https://cirnopedia.org/fate-go/icons/item/item_008.png"},
{"Item":"Seed of Yggdrasil","Number":4,"Area":"Babylonia","Quest":"Black Cedar Forest","AP_per_Run":20,"BP_AP":46.6,"AP_per_Drop":62,"Drop_Chance":32.3,"Image":"https://cirnopedia.org/fate-go/icons/item/item_008.png"},
{"Item":"Seed of Yggdrasil","Number":5,"Area":"Babylonia","Quest":"Northern Hill","AP_per_Run":20,"BP_AP":46.6,"AP_per_Drop":68.6,"Drop_Chance":29.2,"Image":"https://cirnopedia.org/fate-go/icons/item/item_008.png"},
{"Item":"Ghost Lantern","Number":1,"Area":"Camelot","Quest":"Mausoleum of the Evening Bell","AP_per_Run":19,"BP_AP":45.3,"AP_per_Drop":57.6,"Drop_Chance":33,"Image":"https://cirnopedia.org/fate-go/icons/item/item_014.png"},
{"Item":"Ghost Lantern","Number":2,"Area":"Babylonia","Quest":"Kutha","AP_per_Run":21,"BP_AP":47.8,"AP_per_Drop":63,"Drop_Chance":33.3,"Image":"https://cirnopedia.org/fate-go/icons/item/item_014.png"},
{"Item":"Ghost Lantern","Number":3,"Area":"Okeanos","Quest":"Stormy Seas","AP_per_Run":15,"BP_AP":36.5,"AP_per_Drop":80.4,"Drop_Chance":18.6,"Image":"https://cirnopedia.org/fate-go/icons/item/item_014.png"},
{"Item":"Ghost Lantern","Number":4,"Area":"Septem","Quest":"Mt. Etna","AP_per_Run":9,"BP_AP":28.9,"AP_per_Drop":99.5,"Drop_Chance":9,"Image":"https://cirnopedia.org/fate-go/icons/item/item_014.png"},
{"Item":"Ghost Lantern","Number":5,"Area":"Chaldea Gate (Sat)","Quest":"SAT Assassin Training Ground- Adv","AP_per_Run":30,"BP_AP":18.3,"AP_per_Drop":124.5,"Drop_Chance":24.1,"Image":"https://cirnopedia.org/fate-go/icons/item/item_014.png"},
{"Item":"Octuplet Crystal","Number":1,"Area":"Camelot","Quest":"Holy City","AP_per_Run":20,"BP_AP":45.4,"AP_per_Drop":68.9,"Drop_Chance":29,"Image":"https://cirnopedia.org/fate-go/icons/item/item_021.png"},
{"Item":"Octuplet Crystal","Number":2,"Area":"Okeanos","Quest":"Two-Current Sea","AP_per_Run":14,"BP_AP":35.7,"AP_per_Drop":89.1,"Drop_Chance":15.7,"Image":"https://cirnopedia.org/fate-go/icons/item/item_021.png"},
{"Item":"Octuplet Crystal","Number":3,"Area":"Chaldea Gate (Wed)","Quest":"WED Berserker Training Ground- Int","AP_per_Run":20,"BP_AP":18.4,"AP_per_Drop":146.3,"Drop_Chance":13.7,"Image":"https://cirnopedia.org/fate-go/icons/item/item_021.png"},
{"Item":"Octuplet Crystal","Number":4,"Area":"Chaldea Gate (Wed)","Quest":"WED Berserker Training Ground- Exp","AP_per_Run":40,"BP_AP":19.7,"AP_per_Drop":204.7,"Drop_Chance":19.5,"Image":"https://cirnopedia.org/fate-go/icons/item/item_021.png"},
{"Item":"Octuplet Crystal","Number":5,"Area":"Septem","Quest":"Gaul","AP_per_Run":9,"BP_AP":31.6,"AP_per_Drop":206.8,"Drop_Chance":4.4,"Image":"https://cirnopedia.org/fate-go/icons/item/item_021.png"},
{"Item":"Serpent Jewel","Number":1,"Area":"Okeanos","Quest":"Sunken Rock Seas","AP_per_Run":17,"BP_AP":39.3,"AP_per_Drop":93.7,"Drop_Chance":18.1,"Image":"https://cirnopedia.org/fate-go/icons/item/item_015.png"},
{"Item":"Serpent Jewel","Number":2,"Area":"Babylonia","Quest":"Bog","AP_per_Run":21,"BP_AP":45.5,"AP_per_Drop":94.5,"Drop_Chance":22.2,"Image":"https://cirnopedia.org/fate-go/icons/item/item_015.png"},
{"Item":"Serpent Jewel","Number":3,"Area":"Chaldea Gate (Fri)","Quest":"FRI Caster Training Ground- Adv","AP_per_Run":30,"BP_AP":18.3,"AP_per_Drop":120.9,"Drop_Chance":24.8,"Image":"https://cirnopedia.org/fate-go/icons/item/item_015.png"},
{"Item":"Serpent Jewel","Number":4,"Area":"Camelot","Quest":"Dune of Dawn","AP_per_Run":19,"BP_AP":42.7,"AP_per_Drop":121.6,"Drop_Chance":15.6,"Image":"https://cirnopedia.org/fate-go/icons/item/item_015.png"},
{"Item":"Serpent Jewel","Number":5,"Area":"Chaldea Gate (Fri)","Quest":"FRI Caster Training Ground- Int","AP_per_Run":20,"BP_AP":18.4,"AP_per_Drop":150,"Drop_Chance":13.3,"Image":"https://cirnopedia.org/fate-go/icons/item/item_015.png"},
{"Item":"Phoenix Feather","Number":1,"Area":"Chaldea Gate (Sun)","Quest":"SUN Saber Training Ground- Adv","AP_per_Run":30,"BP_AP":18.3,"AP_per_Drop":157.5,"Drop_Chance":19,"Image":"https://cirnopedia.org/fate-go/icons/item/item_007.png"},
{"Item":"Phoenix Feather","Number":2,"Area":"Okeanos","Quest":"Bountiful Sea","AP_per_Run":18,"BP_AP":43.8,"AP_per_Drop":181.7,"Drop_Chance":9.9,"Image":"https://cirnopedia.org/fate-go/icons/item/item_007.png"},
{"Item":"Phoenix Feather","Number":3,"Area":"Chaldea Gate (Mon)","Quest":"MON Archer Training Ground- Exp","AP_per_Run":40,"BP_AP":19.7,"AP_per_Drop":234.3,"Drop_Chance":17.1,"Image":"https://cirnopedia.org/fate-go/icons/item/item_007.png"},
{"Item":"Phoenix Feather","Number":4,"Area":"Chaldea Gate (Tue)","Quest":"TUE Lancer Training Ground- Exp","AP_per_Run":40,"BP_AP":19.7,"AP_per_Drop":270.3,"Drop_Chance":14.8,"Image":"https://cirnopedia.org/fate-go/icons/item/item_007.png"},
{"Item":"Phoenix Feather","Number":5,"Area":"Chaldea Gate (Sun)","Quest":"SUN Saber Training Ground- Exp","AP_per_Run":40,"BP_AP":19.7,"AP_per_Drop":412.8,"Drop_Chance":9.7,"Image":"https://cirnopedia.org/fate-go/icons/item/item_007.png"},
{"Item":"Eternal Gear","Number":1,"Area":"E Pluribus Unum","Quest":"Chicago","AP_per_Run":21,"BP_AP":46.7,"AP_per_Drop":47.2,"Drop_Chance":44.5,"Image":"https://cirnopedia.org/fate-go/icons/item/item_016.png"},
{"Item":"Eternal Gear","Number":2,"Area":"E Pluribus Unum","Quest":"Black Hills","AP_per_Run":17,"BP_AP":40.7,"AP_per_Drop":70.6,"Drop_Chance":24.1,"Image":"https://cirnopedia.org/fate-go/icons/item/item_016.png"},
{"Item":"Eternal Gear","Number":3,"Area":"London","Quest":"Clerkenwell","AP_per_Run":18,"BP_AP":43.8,"AP_per_Drop":74,"Drop_Chance":24.3,"Image":"https://cirnopedia.org/fate-go/icons/item/item_016.png"},
{"Item":"Eternal Gear","Number":4,"Area":"London","Quest":"Old Street","AP_per_Run":15,"BP_AP":38.1,"AP_per_Drop":80.5,"Drop_Chance":18.6,"Image":"https://cirnopedia.org/fate-go/icons/item/item_016.png"},
{"Item":"Eternal Gear","Number":5,"Area":"Chaldea Gate (Sun)","Quest":"SUN Saber Training Ground- Nov","AP_per_Run":10,"BP_AP":18.8,"AP_per_Drop":131.1,"Drop_Chance":7.6,"Image":"https://cirnopedia.org/fate-go/icons/item/item_016.png"},
{"Item":"Forbidden Page","Number":1,"Area":"London","Quest":"Hyde Park","AP_per_Run":20,"BP_AP":44.2,"AP_per_Drop":80.9,"Drop_Chance":24.7,"Image":"https://cirnopedia.org/fate-go/icons/item/item_017.png"},
{"Item":"Forbidden Page","Number":2,"Area":"Chaldea Gate (Fri)","Quest":"FRI Caster Training Ground- Adv","AP_per_Run":30,"BP_AP":18.3,"AP_per_Drop":137.6,"Drop_Chance":21.8,"Image":"https://cirnopedia.org/fate-go/icons/item/item_017.png"},
{"Item":"Forbidden Page","Number":3,"Area":"Chaldea Gate (Fri)","Quest":"FRI Caster Training Ground- Exp","AP_per_Run":40,"BP_AP":19.7,"AP_per_Drop":197.4,"Drop_Chance":20.3,"Image":""},
{"Item":"Forbidden Page","Number":4,"Area":"Chaldea Gate (Fri)","Quest":"FRI Caster Training Ground- Int","AP_per_Run":20,"BP_AP":18.4,"AP_per_Drop":225,"Drop_Chance":8.9,"Image":""},
{"Item":"Forbidden Page","Number":5,"Area":"Chaldea Gate (Fri)","Quest":"FRI Caster Training Ground- Nov","AP_per_Run":10,"BP_AP":18.8,"AP_per_Drop":229,"Drop_Chance":4.4,"Image":""},
{"Item":"Homunculus Baby","Number":1,"Area":"London","Quest":"Southwark","AP_per_Run":19,"BP_AP":44,"AP_per_Drop":53.8,"Drop_Chance":35.3,"Image":"https://cirnopedia.org/fate-go/icons/item/item_020.png"},
{"Item":"Homunculus Baby","Number":2,"Area":"London","Quest":"Westminster","AP_per_Run":16,"BP_AP":37.3,"AP_per_Drop":96,"Drop_Chance":16.7,"Image":"https://cirnopedia.org/fate-go/icons/item/item_020.png"},
{"Item":"Homunculus Baby","Number":3,"Area":"London","Quest":"City of London","AP_per_Run":15,"BP_AP":38.1,"AP_per_Drop":105,"Drop_Chance":14.3,"Image":"https://cirnopedia.org/fate-go/icons/item/item_020.png"},
{"Item":"Homunculus Baby","Number":4,"Area":"Chaldea Gate (Tue)","Quest":"TUE Lancer Training Ground- Exp","AP_per_Run":40,"BP_AP":19.7,"AP_per_Drop":149.3,"Drop_Chance":26.8,"Image":"https://cirnopedia.org/fate-go/icons/item/item_020.png"},
{"Item":"Homunculus Baby","Number":5,"Area":"Chaldea Gate (Tue)","Quest":"TUE Lancer Training Ground- Adv","AP_per_Run":30,"BP_AP":18.3,"AP_per_Drop":159.2,"Drop_Chance":18.8,"Image":""},
{"Item":"Meteor Horseshoe","Number":1,"Area":"Camelot","Quest":"Land of the Void","AP_per_Run":22,"BP_AP":47.8,"AP_per_Drop":48.2,"Drop_Chance":45.6,"Image":"https://cirnopedia.org/fate-go/icons/item/item_019.png"},
{"Item":"Meteor Horseshoe","Number":2,"Area":"Okeanos","Quest":"Caldera Island","AP_per_Run":17,"BP_AP":42.1,"AP_per_Drop":146.4,"Drop_Chance":11.6,"Image":""},
{"Item":"Meteor Horseshoe","Number":3,"Area":"Chaldea Gate (Mon)","Quest":"MON Archer Training Ground- Int","AP_per_Run":20,"BP_AP":18.4,"AP_per_Drop":153.3,"Drop_Chance":13,"Image":""},
{"Item":"Meteor Horseshoe","Number":4,"Area":"Chaldea Gate (Thu)","Quest":"THU Rider Training Ground- Nov","AP_per_Run":10,"BP_AP":18.8,"AP_per_Drop":195.8,"Drop_Chance":5.1,"Image":""},
{"Item":"Meteor Horseshoe","Number":5,"Area":"Chaldea Gate (Thu)","Quest":"THU Rider Training Ground- Int","AP_per_Run":20,"BP_AP":18.4,"AP_per_Drop":200,"Drop_Chance":10,"Image":""},
{"Item":"Great Knight Medal","Number":1,"Area":"Camelot","Quest":"Main Gate","AP_per_Run":20,"BP_AP":45.4,"AP_per_Drop":62.6,"Drop_Chance":31.9,"Image":"https://cirnopedia.org/fate-go/icons/item/item_153.png"},
{"Item":"Great Knight Medal","Number":2,"Area":"Camelot","Quest":"Royal Castle","AP_per_Run":21,"BP_AP":49,"AP_per_Drop":63.5,"Drop_Chance":33.1,"Image":""},
{"Item":"Great Knight Medal","Number":3,"Area":"Camelot","Quest":"Fortress of the Round Table","AP_per_Run":19,"BP_AP":45.3,"AP_per_Drop":73.9,"Drop_Chance":25.7,"Image":""},
{"Item":"Great Knight Medal","Number":4,"Area":"","Quest":"","AP_per_Run":"","BP_AP":"","AP_per_Drop":"","Drop_Chance":"","Image":""},
{"Item":"Great Knight Medal","Number":5,"Area":"","Quest":"","AP_per_Run":"","BP_AP":"","AP_per_Drop":"","Drop_Chance":"","Image":""},
{"Item":"Shell of Reminiscense","Number":1,"Area":"Babylonia","Quest":"Observatory","AP_per_Run":21,"BP_AP":46.7,"AP_per_Drop":47.6,"Drop_Chance":44.1,"Image":"https://cirnopedia.org/fate-go/icons/item/item_163.png"},
{"Item":"Shell of Reminiscense","Number":2,"Area":"Chaldea Gate (Sun)","Quest":"SUN Saber Training Ground- Int","AP_per_Run":20,"BP_AP":18.4,"AP_per_Drop":67.7,"Drop_Chance":29.5,"Image":""},
{"Item":"Shell of Reminiscense","Number":3,"Area":"Okeanos","Quest":"Archipelago (Hidden island)","AP_per_Run":16,"BP_AP":38.8,"AP_per_Drop":72.9,"Drop_Chance":22,"Image":""},
{"Item":"Shell of Reminiscense","Number":4,"Area":"Chaldea Gate (Sun)","Quest":"SUN Saber Training Ground- Exp","AP_per_Run":40,"BP_AP":19.7,"AP_per_Drop":215,"Drop_Chance":18.6,"Image":""},
{"Item":"Shell of Reminiscense","Number":5,"Area":"Chaldea Gate (Sun)","Quest":"SUN Saber Training Ground- Adv","AP_per_Run":30,"BP_AP":18.3,"AP_per_Drop":229.1,"Drop_Chance":13.1,"Image":""},
{"Item":"Kotan Magatama","Number":1,"Area":"","Quest":"","AP_per_Run":"","BP_AP":"","AP_per_Drop":"","Drop_Chance":"","Image":"https://i.imgur.com/iIYUvXl.png"},
{"Item":"Kotan Magatama","Number":2,"Area":"","Quest":"","AP_per_Run":"","BP_AP":"","AP_per_Drop":"","Drop_Chance":"","Image":""},
{"Item":"Kotan Magatama","Number":3,"Area":"","Quest":"","AP_per_Run":"","BP_AP":"","AP_per_Drop":"","Drop_Chance":"","Image":""},
{"Item":"Kotan Magatama","Number":4,"Area":"","Quest":"","AP_per_Run":"","BP_AP":"","AP_per_Drop":"","Drop_Chance":"","Image":""},
{"Item":"Kotan Magatama","Number":5,"Area":"","Quest":"","AP_per_Run":"","BP_AP":"","AP_per_Drop":"","Drop_Chance":"","Image":""},
{"Item":"Permafrost","Number":1,"Area":"","Quest":"","AP_per_Run":"","BP_AP":"","AP_per_Drop":"","Drop_Chance":"","Image":"https://i.imgur.com/PTSgqR2.png"},
{"Item":"Permafrost","Number":2,"Area":"","Quest":"","AP_per_Run":"","BP_AP":"","AP_per_Drop":"","Drop_Chance":"","Image":""},
{"Item":"Permafrost","Number":3,"Area":"","Quest":"","AP_per_Run":"","BP_AP":"","AP_per_Drop":"","Drop_Chance":"","Image":""},
{"Item":"Permafrost","Number":4,"Area":"","Quest":"","AP_per_Run":"","BP_AP":"","AP_per_Drop":"","Drop_Chance":"","Image":""},
{"Item":"Permafrost","Number":5,"Area":"","Quest":"","AP_per_Run":"","BP_AP":"","AP_per_Drop":"","Drop_Chance":"","Image":""},
{"Item":"Giant's Ring","Number":1,"Area":"","Quest":"","AP_per_Run":"","BP_AP":"","AP_per_Drop":"","Drop_Chance":"","Image":"https://i.imgur.com/FJESpqX.png"},
{"Item":"Giant's Ring","Number":2,"Area":"","Quest":"","AP_per_Run":"","BP_AP":"","AP_per_Drop":"","Drop_Chance":"","Image":""},
{"Item":"Giant's Ring","Number":3,"Area":"","Quest":"","AP_per_Run":"","BP_AP":"","AP_per_Drop":"","Drop_Chance":"","Image":""},
{"Item":"Giant's Ring","Number":4,"Area":"","Quest":"","AP_per_Run":"","BP_AP":"","AP_per_Drop":"","Drop_Chance":"","Image":""},
{"Item":"Giant's Ring","Number":5,"Area":"","Quest":"","AP_per_Run":"","BP_AP":"","AP_per_Drop":"","Drop_Chance":"","Image":""},
{"Item":"Aurora Steel","Number":1,"Area":"","Quest":"","AP_per_Run":"","BP_AP":"","AP_per_Drop":"","Drop_Chance":"","Image":"https://i.imgur.com/b6JVWLs.png"},
{"Item":"Aurora Steel","Number":2,"Area":"","Quest":"","AP_per_Run":"","BP_AP":"","AP_per_Drop":"","Drop_Chance":"","Image":""},
{"Item":"Aurora Steel","Number":3,"Area":"","Quest":"","AP_per_Run":"","BP_AP":"","AP_per_Drop":"","Drop_Chance":"","Image":""},
{"Item":"Aurora Steel","Number":4,"Area":"","Quest":"","AP_per_Run":"","BP_AP":"","AP_per_Drop":"","Drop_Chance":"","Image":""},
{"Item":"Aurora Steel","Number":5,"Area":"","Quest":"","AP_per_Run":"","BP_AP":"","AP_per_Drop":"","Drop_Chance":"","Image":""},
{"Item":"Ancient Bell of Tranquility","Number":1,"Area":"","Quest":"","AP_per_Run":"","BP_AP":"","AP_per_Drop":"","Drop_Chance":"","Image":"https://i.imgur.com/LY4BVbr.png"},
{"Item":"Ancient Bell of Tranquility","Number":2,"Area":"","Quest":"","AP_per_Run":"","BP_AP":"","AP_per_Drop":"","Drop_Chance":"","Image":""},
{"Item":"Ancient Bell of Tranquility","Number":3,"Area":"","Quest":"","AP_per_Run":"","BP_AP":"","AP_per_Drop":"","Drop_Chance":"","Image":""},
{"Item":"Ancient Bell of Tranquility","Number":4,"Area":"","Quest":"","AP_per_Run":"","BP_AP":"","AP_per_Drop":"","Drop_Chance":"","Image":""},
{"Item":"Ancient Bell of Tranquility","Number":5,"Area":"","Quest":"","AP_per_Run":"","BP_AP":"","AP_per_Drop":"","Drop_Chance":"","Image":""},
{"Item":"Claw of Chaos","Number":1,"Area":"E Pluribus Unum","Quest":"Des Moines","AP_per_Run":18,"BP_AP":41.1,"AP_per_Drop":91.4,"Drop_Chance":19.7,"Image":"https://cirnopedia.org/fate-go/icons/item/item_013.png"},
{"Item":"Claw of Chaos","Number":2,"Area":"Babylonia","Quest":"Ur","AP_per_Run":21,"BP_AP":45.5,"AP_per_Drop":92,"Drop_Chance":22.8,"Image":"https://cirnopedia.org/fate-go/icons/item/item_013.png"},
{"Item":"Claw of Chaos","Number":3,"Area":"Septem","Quest":"Germania","AP_per_Run":15,"BP_AP":36.5,"AP_per_Drop":399.9,"Drop_Chance":3.8,"Image":"https://cirnopedia.org/fate-go/icons/item/item_013.png"},
{"Item":"Claw of Chaos","Number":4,"Area":"Chaldea Gate (Wed)","Quest":"WED Berserker Training Ground- Exp","AP_per_Run":40,"BP_AP":19.7,"AP_per_Drop":474.5,"Drop_Chance":8.4,"Image":"https://cirnopedia.org/fate-go/icons/item/item_013.png"},
{"Item":"Claw of Chaos","Number":5,"Area":"Chaldea Gate (Wed)","Quest":"WED Berserker Training Ground- Adv","AP_per_Run":30,"BP_AP":18.3,"AP_per_Drop":555,"Drop_Chance":5.4,"Image":"https://cirnopedia.org/fate-go/icons/item/item_013.png"},
{"Item":"Heart of a Foreign God","Number":1,"Area":"Chaldea Gate (Fri)","Quest":"FRI Caster Training Ground- Adv","AP_per_Run":30,"BP_AP":18.3,"AP_per_Drop":570,"Drop_Chance":5.3,"Image":"https://cirnopedia.org/fate-go/icons/item/item_023.png"},
{"Item":"Heart of a Foreign God","Number":2,"Area":"Chaldea Gate (Fri)","Quest":"FRI Caster Training Ground- Exp","AP_per_Run":40,"BP_AP":19.7,"AP_per_Drop":713.8,"Drop_Chance":5.6,"Image":"https://cirnopedia.org/fate-go/icons/item/item_023.png"},
{"Item":"Heart of a Foreign God","Number":3,"Area":"","Quest":"","AP_per_Run":"","BP_AP":"","AP_per_Drop":"","Drop_Chance":"","Image":""},
{"Item":"Heart of a Foreign God","Number":4,"Area":"","Quest":"","AP_per_Run":"","BP_AP":"","AP_per_Drop":"","Drop_Chance":"","Image":""},
{"Item":"Heart of a Foreign God","Number":5,"Area":"","Quest":"","AP_per_Run":"","BP_AP":"","AP_per_Drop":"","Drop_Chance":"","Image":""},
{"Item":"Dragon's Reverse Scale","Number":1,"Area":"Babylonia","Quest":"Nippur","AP_per_Run":21,"BP_AP":49,"AP_per_Drop":189,"Drop_Chance":11.1,"Image":"https://cirnopedia.org/fate-go/icons/item/item_012.png"},
{"Item":"Dragon's Reverse Scale","Number":2,"Area":"Chaldea Gate (Thu)","Quest":"THU Rider Training Ground- Adv","AP_per_Run":30,"BP_AP":18.3,"AP_per_Drop":585,"Drop_Chance":5.1,"Image":"https://cirnopedia.org/fate-go/icons/item/item_012.png"},
{"Item":"Dragon's Reverse Scale","Number":3,"Area":"Chaldea Gate (Thu)","Quest":"THU Rider Training Ground- Exp","AP_per_Run":40,"BP_AP":19.7,"AP_per_Drop":588.4,"Drop_Chance":6.8,"Image":""},
{"Item":"Dragon's Reverse Scale","Number":4,"Area":"","Quest":"","AP_per_Run":"","BP_AP":"","AP_per_Drop":"","Drop_Chance":"","Image":""},
{"Item":"Dragon's Reverse Scale","Number":5,"Area":"","Quest":"","AP_per_Run":"","BP_AP":"","AP_per_Drop":"","Drop_Chance":"","Image":""},
{"Item":"Spirit Root","Number":1,"Area":"Camelot","Quest":"Holy City","AP_per_Run":20,"BP_AP":45.4,"AP_per_Drop":183.7,"Drop_Chance":10.9,"Image":"https://cirnopedia.org/fate-go/icons/item/item_113.png"},
{"Item":"Spirit Root","Number":2,"Area":"E Pluribus Unum","Quest":"Washington","AP_per_Run":20,"BP_AP":47.2,"AP_per_Drop":373.3,"Drop_Chance":5.4,"Image":""},
{"Item":"Spirit Root","Number":3,"Area":"Chaldea Gate (Sun)","Quest":"SUN Saber Training Ground- Exp","AP_per_Run":40,"BP_AP":19.7,"AP_per_Drop":688,"Drop_Chance":5.8,"Image":""},
{"Item":"Spirit Root","Number":4,"Area":"Chaldea Gate (Sun)","Quest":"SUN Saber Training Ground- Adv","AP_per_Run":30,"BP_AP":18.3,"AP_per_Drop":1260,"Drop_Chance":2.4,"Image":""},
{"Item":"Spirit Root","Number":5,"Area":"","Quest":"","AP_per_Run":"","BP_AP":"","AP_per_Drop":"","Drop_Chance":"","Image":""},
{"Item":"Warhorse's Young Horn","Number":1,"Area":"E Pluribus Unum","Quest":"Kearney","AP_per_Run":18,"BP_AP":43.8,"AP_per_Drop":124.1,"Drop_Chance":14.5,"Image":"https://cirnopedia.org/fate-go/icons/item/item_114.png"},
{"Item":"Warhorse's Young Horn","Number":2,"Area":"Camelot","Quest":"East Village","AP_per_Run":19,"BP_AP":44,"AP_per_Drop":209,"Drop_Chance":9.1,"Image":""},
{"Item":"Warhorse's Young Horn","Number":3,"Area":"Chaldea Gate (Tue)","Quest":"TUE Lancer Training Ground- Exp","AP_per_Run":40,"BP_AP":19.7,"AP_per_Drop":312.5,"Drop_Chance":12.8,"Image":""},
{"Item":"Warhorse's Young Horn","Number":4,"Area":"Chaldea Gate (Tue)","Quest":"TUE Lancer Training Ground- Adv","AP_per_Run":30,"BP_AP":18.3,"AP_per_Drop":345,"Drop_Chance":8.7,"Image":""},
{"Item":"Warhorse's Young Horn","Number":5,"Area":"","Quest":"","AP_per_Run":"","BP_AP":"","AP_per_Drop":"","Drop_Chance":"","Image":""},
{"Item":"Tearstone of Blood","Number":1,"Area":"E Pluribus Unum","Quest":"Alexandria","AP_per_Run":18,"BP_AP":43.8,"AP_per_Drop":160.7,"Drop_Chance":11.2,"Image":"https://cirnopedia.org/fate-go/icons/item/item_111.png"},
{"Item":"Tearstone of Blood","Number":2,"Area":"Chaldea Gate (Mon)","Quest":"MON Archer Training Ground- Exp","AP_per_Run":40,"BP_AP":19.7,"AP_per_Drop":388.4,"Drop_Chance":10.3,"Image":""},
{"Item":"Tearstone of Blood","Number":3,"Area":"Chaldea Gate (Mon)","Quest":"MON Archer Training Ground- Adv","AP_per_Run":30,"BP_AP":18.3,"AP_per_Drop":885,"Drop_Chance":3.4,"Image":""},
{"Item":"Tearstone of Blood","Number":4,"Area":"","Quest":"","AP_per_Run":"","BP_AP":"","AP_per_Drop":"","Drop_Chance":"","Image":""},
{"Item":"Tearstone of Blood","Number":5,"Area":"","Quest":"","AP_per_Run":"","BP_AP":"","AP_per_Drop":"","Drop_Chance":"","Image":""},
{"Item":"Black Beast Grease","Number":1,"Area":"Babylonia","Quest":"Northern Hill","AP_per_Run":20,"BP_AP":46.6,"AP_per_Drop":120,"Drop_Chance":16.7,"Image":"https://cirnopedia.org/fate-go/icons/item/item_112.png"},
{"Item":"Black Beast Grease","Number":2,"Area":"E Pluribus Unum","Quest":"Lubbock","AP_per_Run":18,"BP_AP":43.8,"AP_per_Drop":190.8,"Drop_Chance":9.4,"Image":""},
{"Item":"Black Beast Grease","Number":3,"Area":"Chaldea Gate (Sat)","Quest":"SAT Assassin Training Ground- Exp","AP_per_Run":40,"BP_AP":19.7,"AP_per_Drop":304,"Drop_Chance":13.2,"Image":""},
{"Item":"Black Beast Grease","Number":4,"Area":"Chaldea Gate (Sat)","Quest":"SAT Assassin Training Ground- Adv","AP_per_Run":30,"BP_AP":18.3,"AP_per_Drop":355.7,"Drop_Chance":8.4,"Image":""},
{"Item":"Black Beast Grease","Number":5,"Area":"","Quest":"","AP_per_Run":"","BP_AP":"","AP_per_Drop":"","Drop_Chance":"","Image":""},
{"Item":"Lamp of Evil-Sealing","Number":1,"Area":"Camelot","Quest":"Dune of Dawn","AP_per_Run":19,"BP_AP":42.7,"AP_per_Drop":110.5,"Drop_Chance":17.2,"Image":"https://cirnopedia.org/fate-go/icons/item/item_152.png"},
{"Item":"Lamp of Evil-Sealing","Number":2,"Area":"Camelot","Quest":"Hidden Village","AP_per_Run":21,"BP_AP":47.8,"AP_per_Drop":125.5,"Drop_Chance":16.7,"Image":""},
{"Item":"Lamp of Evil-Sealing","Number":3,"Area":"","Quest":"","AP_per_Run":"","BP_AP":"","AP_per_Drop":"","Drop_Chance":"","Image":""},
{"Item":"Lamp of Evil-Sealing","Number":4,"Area":"","Quest":"","AP_per_Run":"","BP_AP":"","AP_per_Drop":"","Drop_Chance":"","Image":""},
{"Item":"Lamp of Evil-Sealing","Number":5,"Area":"","Quest":"","AP_per_Run":"","BP_AP":"","AP_per_Drop":"","Drop_Chance":"","Image":""},
{"Item":"Scarab of Wisdom","Number":1,"Area":"Camelot","Quest":"Great Temple","AP_per_Run":22,"BP_AP":48.9,"AP_per_Drop":181.7,"Drop_Chance":12.1,"Image":"https://cirnopedia.org/fate-go/icons/item/item_154.png"},
{"Item":"Scarab of Wisdom","Number":2,"Area":"Camelot","Quest":"Sandstorm Desert","AP_per_Run":19,"BP_AP":42.7,"AP_per_Drop":259.7,"Drop_Chance":7.3,"Image":""},
{"Item":"Scarab of Wisdom","Number":3,"Area":"","Quest":"","AP_per_Run":"","BP_AP":"","AP_per_Drop":"","Drop_Chance":"","Image":""},
{"Item":"Scarab of Wisdom","Number":4,"Area":"","Quest":"","AP_per_Run":"","BP_AP":"","AP_per_Drop":"","Drop_Chance":"","Image":""},
{"Item":"Scarab of Wisdom","Number":5,"Area":"","Quest":"","AP_per_Run":"","BP_AP":"","AP_per_Drop":"","Drop_Chance":"","Image":""},
{"Item":"Primordial Lanugo","Number":1,"Area":"Babylonia","Quest":"Blood Fort","AP_per_Run":21,"BP_AP":49,"AP_per_Drop":118,"Drop_Chance":17.8,"Image":"https://cirnopedia.org/fate-go/icons/item/item_193.png"},
{"Item":"Primordial Lanugo","Number":2,"Area":"Babylonia","Quest":"Northern Wall","AP_per_Run":21,"BP_AP":47.8,"AP_per_Drop":141.8,"Drop_Chance":14.8,"Image":""},
{"Item":"Primordial Lanugo","Number":3,"Area":"Babylonia","Quest":"Black Cedar Forest","AP_per_Run":20,"BP_AP":46.6,"AP_per_Drop":155,"Drop_Chance":12.9,"Image":""},
{"Item":"Primordial Lanugo","Number":4,"Area":"","Quest":"","AP_per_Run":"","BP_AP":"","AP_per_Drop":"","Drop_Chance":"","Image":""},
{"Item":"Primordial Lanugo","Number":5,"Area":"","Quest":"","AP_per_Run":"","BP_AP":"","AP_per_Drop":"","Drop_Chance":"","Image":""},
{"Item":"Cursed Beast Gallstone","Number":1,"Area":"Babylonia","Quest":"Mt. Ebih","AP_per_Run":21,"BP_AP":49,"AP_per_Drop":171.5,"Drop_Chance":12.2,"Image":"https://cirnopedia.org/fate-go/icons/item/item_192.png"},
{"Item":"Cursed Beast Gallstone","Number":2,"Area":"","Quest":"","AP_per_Run":"","BP_AP":"","AP_per_Drop":"","Drop_Chance":"","Image":""},
{"Item":"Cursed Beast Gallstone","Number":3,"Area":"","Quest":"","AP_per_Run":"","BP_AP":"","AP_per_Drop":"","Drop_Chance":"","Image":""},
{"Item":"Cursed Beast Gallstone","Number":4,"Area":"","Quest":"","AP_per_Run":"","BP_AP":"","AP_per_Drop":"","Drop_Chance":"","Image":""},
{"Item":"Cursed Beast Gallstone","Number":5,"Area":"","Quest":"","AP_per_Run":"","BP_AP":"","AP_per_Drop":"","Drop_Chance":"","Image":""},
{"Item":"Bizarre Godly Wine","Number":1,"Area":"","Quest":"","AP_per_Run":"","BP_AP":"","AP_per_Drop":"","Drop_Chance":"","Image":"https://cirnopedia.org/fate-go/icons/item/item_230.png"},
{"Item":"Bizarre Godly Wine","Number":2,"Area":"","Quest":"","AP_per_Run":"","BP_AP":"","AP_per_Drop":"","Drop_Chance":"","Image":""},
{"Item":"Bizarre Godly Wine","Number":3,"Area":"","Quest":"","AP_per_Run":"","BP_AP":"","AP_per_Drop":"","Drop_Chance":"","Image":""},
{"Item":"Bizarre Godly Wine","Number":4,"Area":"","Quest":"","AP_per_Run":"","BP_AP":"","AP_per_Drop":"","Drop_Chance":"","Image":""},
{"Item":"Bizarre Godly Wine","Number":5,"Area":"","Quest":"","AP_per_Run":"","BP_AP":"","AP_per_Drop":"","Drop_Chance":"","Image":""},
{"Item":"Dawnlight Reactor Core","Number":1,"Area":"","Quest":"","AP_per_Run":"","BP_AP":"","AP_per_Drop":"","Drop_Chance":"","Image":"https://i.imgur.com/Crx6wSi.png"},
{"Item":"Dawnlight Reactor Core","Number":2,"Area":"","Quest":"","AP_per_Run":"","BP_AP":"","AP_per_Drop":"","Drop_Chance":"","Image":""},
{"Item":"Dawnlight Reactor Core","Number":3,"Area":"","Quest":"","AP_per_Run":"","BP_AP":"","AP_per_Drop":"","Drop_Chance":"","Image":""},
{"Item":"Dawnlight Reactor Core","Number":4,"Area":"","Quest":"","AP_per_Run":"","BP_AP":"","AP_per_Drop":"","Drop_Chance":"","Image":""},
{"Item":"Dawnlight Reactor Core","Number":5,"Area":"","Quest":"","AP_per_Run":"","BP_AP":"","AP_per_Drop":"","Drop_Chance":"","Image":""},
{"Item":"Secret Gem of Saber","Number":1,"Area":"Chaldea Gate (Sun)","Quest":"SUN Saber Training Ground- Exp","AP_per_Run":40,"BP_AP":19.7,"AP_per_Drop":59.7,"Drop_Chance":67.1,"Image":"https://cirnopedia.org/fate-go/icons/item/item_057.png"},
{"Item":"Secret Gem of Saber","Number":2,"Area":"Chaldea Gate (Sun)","Quest":"SUN Saber Training Ground- Adv","AP_per_Run":30,"BP_AP":18.3,"AP_per_Drop":630,"Drop_Chance":4.8,"Image":""},
{"Item":"Secret Gem of Saber","Number":3,"Area":"E Pluribus Unum","Quest":"Washington","AP_per_Run":20,"BP_AP":47.2,"AP_per_Drop":891.4,"Drop_Chance":2.2,"Image":""},
{"Item":"Secret Gem of Saber","Number":4,"Area":"Camelot","Quest":"Holy City","AP_per_Run":20,"BP_AP":45.4,"AP_per_Drop":1102.2,"Drop_Chance":1.8,"Image":""},
{"Item":"Secret Gem of Saber","Number":5,"Area":"","Quest":"","AP_per_Run":"","BP_AP":"","AP_per_Drop":"","Drop_Chance":"","Image":""},
{"Item":"Secret Gem of Archer","Number":1,"Area":"Chaldea Gate (Mon)","Quest":"MON Archer Training Ground- Adv","AP_per_Run":30,"BP_AP":18.3,"AP_per_Drop":136.2,"Drop_Chance":22,"Image":"https://cirnopedia.org/fate-go/icons/item/item_058.png"},
{"Item":"Secret Gem of Archer","Number":2,"Area":"Chaldea Gate (Mon)","Quest":"MON Archer Training Ground- Exp","AP_per_Run":40,"BP_AP":19.7,"AP_per_Drop":158.7,"Drop_Chance":25.2,"Image":""},
{"Item":"Secret Gem of Archer","Number":3,"Area":"Camelot","Quest":"Land of the Void","AP_per_Run":22,"BP_AP":47.8,"AP_per_Drop":504.5,"Drop_Chance":4.4,"Image":""},
{"Item":"Secret Gem of Archer","Number":4,"Area":"E Pluribus Unum","Quest":"Chicago","AP_per_Run":21,"BP_AP":46.7,"AP_per_Drop":690.4,"Drop_Chance":3,"Image":""},
{"Item":"Secret Gem of Archer","Number":5,"Area":"","Quest":"","AP_per_Run":"","BP_AP":"","AP_per_Drop":"","Drop_Chance":"","Image":""},
{"Item":"Secret Gem of Lancer","Number":1,"Area":"Chaldea Gate (Tue)","Quest":"TUE Lancer Training Ground- Exp","AP_per_Run":40,"BP_AP":19.7,"AP_per_Drop":142.9,"Drop_Chance":28,"Image":"https://cirnopedia.org/fate-go/icons/item/item_059.png"},
{"Item":"Secret Gem of Lancer","Number":2,"Area":"Chaldea Gate (Tue)","Quest":"TUE Lancer Training Ground- Adv","AP_per_Run":30,"BP_AP":18.3,"AP_per_Drop":147.9,"Drop_Chance":20.3,"Image":""},
{"Item":"Secret Gem of Lancer","Number":3,"Area":"","Quest":"","AP_per_Run":"","BP_AP":"","AP_per_Drop":"","Drop_Chance":"","Image":""},
{"Item":"Secret Gem of Lancer","Number":4,"Area":"","Quest":"","AP_per_Run":"","BP_AP":"","AP_per_Drop":"","Drop_Chance":"","Image":""},
{"Item":"Secret Gem of Lancer","Number":5,"Area":"","Quest":"","AP_per_Run":"","BP_AP":"","AP_per_Drop":"","Drop_Chance":"","Image":""},
{"Item":"Secret Gem of Rider","Number":1,"Area":"Chaldea Gate (Thu)","Quest":"THU Rider Training Ground- Exp","AP_per_Run":40,"BP_AP":19.7,"AP_per_Drop":106.7,"Drop_Chance":37.5,"Image":"https://cirnopedia.org/fate-go/icons/item/item_060.png"},
{"Item":"Secret Gem of Rider","Number":2,"Area":"Chaldea Gate (Thu)","Quest":"THU Rider Training Ground- Adv","AP_per_Run":30,"BP_AP":18.3,"AP_per_Drop":167.1,"Drop_Chance":17.9,"Image":""},
{"Item":"Secret Gem of Rider","Number":3,"Area":"Camelot","Quest":"Land of the Void","AP_per_Run":22,"BP_AP":47.8,"AP_per_Drop":398.3,"Drop_Chance":5.5,"Image":""},
{"Item":"Secret Gem of Rider","Number":4,"Area":"","Quest":"","AP_per_Run":"","BP_AP":"","AP_per_Drop":"","Drop_Chance":"","Image":""},
{"Item":"Secret Gem of Rider","Number":5,"Area":"","Quest":"","AP_per_Run":"","BP_AP":"","AP_per_Drop":"","Drop_Chance":"","Image":""},
{"Item":"Secret Gem of Caster","Number":1,"Area":"Chaldea Gate (Fri)","Quest":"FRI Caster Training Ground- Exp","AP_per_Run":40,"BP_AP":19.7,"AP_per_Drop":48.2,"Drop_Chance":83,"Image":"https://cirnopedia.org/fate-go/icons/item/item_061.png"},
{"Item":"Secret Gem of Caster","Number":2,"Area":"Chaldea Gate (Fri)","Quest":"FRI Caster Training Ground- Adv","AP_per_Run":30,"BP_AP":18.3,"AP_per_Drop":133,"Drop_Chance":22.6,"Image":""},
{"Item":"Secret Gem of Caster","Number":3,"Area":"Camelot","Quest":"Great Temple","AP_per_Run":22,"BP_AP":48.9,"AP_per_Drop":176.6,"Drop_Chance":12.5,"Image":""},
{"Item":"Secret Gem of Caster","Number":4,"Area":"Camelot","Quest":"Sandstorm Desert","AP_per_Run":19,"BP_AP":42.7,"AP_per_Drop":584.3,"Drop_Chance":3.3,"Image":""},
{"Item":"Secret Gem of Caster","Number":5,"Area":"London","Quest":"Hyde Park","AP_per_Run":20,"BP_AP":44.2,"AP_per_Drop":655,"Drop_Chance":3.1,"Image":""},
{"Item":"Secret Gem of Assassin","Number":1,"Area":"Chaldea Gate (Sat)","Quest":"SAT Assassin Training Ground- Exp","AP_per_Run":40,"BP_AP":19.7,"AP_per_Drop":148.3,"Drop_Chance":27,"Image":"https://cirnopedia.org/fate-go/icons/item/item_062.png"},
{"Item":"Secret Gem of Assassin","Number":2,"Area":"Chaldea Gate (Sat)","Quest":"SAT Assassin Training Ground- Adv","AP_per_Run":30,"BP_AP":18.3,"AP_per_Drop":191.5,"Drop_Chance":15.7,"Image":""},
{"Item":"Secret Gem of Assassin","Number":3,"Area":"London","Quest":"Clerkenwell","AP_per_Run":18,"BP_AP":43.8,"AP_per_Drop":622.5,"Drop_Chance":2.9,"Image":""},
{"Item":"Secret Gem of Assassin","Number":4,"Area":"","Quest":"","AP_per_Run":"","BP_AP":"","AP_per_Drop":"","Drop_Chance":"","Image":""},
{"Item":"Secret Gem of Assassin","Number":5,"Area":"","Quest":"","AP_per_Run":"","BP_AP":"","AP_per_Drop":"","Drop_Chance":"","Image":""},
{"Item":"Secret Gem of Berserker","Number":1,"Area":"Chaldea Gate (Wed)","Quest":"WED Berserker Training Ground- Exp","AP_per_Run":40,"BP_AP":19.7,"AP_per_Drop":132.2,"Drop_Chance":30.3,"Image":"https://cirnopedia.org/fate-go/icons/item/item_063.png"},
{"Item":"Secret Gem of Berserker","Number":2,"Area":"Camelot","Quest":"Holy City","AP_per_Run":20,"BP_AP":45.4,"AP_per_Drop":275.6,"Drop_Chance":7.3,"Image":""},
{"Item":"Secret Gem of Berserker","Number":3,"Area":"Chaldea Gate (Wed)","Quest":"WED Berserker Training Ground- Adv","AP_per_Run":30,"BP_AP":18.3,"AP_per_Drop":277.5,"Drop_Chance":10.8,"Image":""},
{"Item":"Secret Gem of Berserker","Number":4,"Area":"Babylonia","Quest":"Mt. Ebih","AP_per_Run":21,"BP_AP":49,"AP_per_Drop":638.7,"Drop_Chance":3.3,"Image":""},
{"Item":"Secret Gem of Berserker","Number":5,"Area":"","Quest":"","AP_per_Run":"","BP_AP":"","AP_per_Drop":"","Drop_Chance":"","Image":""},
{"Item":"Magic Gem of Saber","Number":1,"Area":"Chaldea Gate (Sun)","Quest":"SUN Saber Training Ground- Adv","AP_per_Run":30,"BP_AP":18.3,"AP_per_Drop":21.9,"Drop_Chance":136.9,"Image":"https://cirnopedia.org/fate-go/icons/item/item_049.png"},
{"Item":"Magic Gem of Saber","Number":2,"Area":"Chaldea Gate (Sun)","Quest":"SUN Saber Training Ground- Int","AP_per_Run":20,"BP_AP":18.4,"AP_per_Drop":25.1,"Drop_Chance":79.5,"Image":""},
{"Item":"Magic Gem of Saber","Number":3,"Area":"Chaldea Gate (Sun)","Quest":"SUN Saber Training Ground- Exp","AP_per_Run":40,"BP_AP":19.7,"AP_per_Drop":33.2,"Drop_Chance":120.5,"Image":""},
{"Item":"Magic Gem of Saber","Number":4,"Area":"Camelot","Quest":"Royal Castle","AP_per_Run":21,"BP_AP":49,"AP_per_Drop":90.6,"Drop_Chance":23.2,"Image":""},
{"Item":"Magic Gem of Saber","Number":5,"Area":"Camelot","Quest":"Fortress of the Round Table","AP_per_Run":19,"BP_AP":45.3,"AP_per_Drop":110.8,"Drop_Chance":17.1,"Image":""},
{"Item":"Magic Gem of Archer","Number":1,"Area":"Chaldea Gate (Mon)","Quest":"MON Archer Training Ground- Adv","AP_per_Run":30,"BP_AP":18.3,"AP_per_Drop":18.6,"Drop_Chance":161,"Image":"https://cirnopedia.org/fate-go/icons/item/item_050.png"},
{"Item":"Magic Gem of Archer","Number":2,"Area":"Chaldea Gate (Mon)","Quest":"MON Archer Training Ground- Exp","AP_per_Run":40,"BP_AP":19.7,"AP_per_Drop":31.7,"Drop_Chance":126,"Image":""},
{"Item":"Magic Gem of Archer","Number":3,"Area":"Chaldea Gate (Mon)","Quest":"MON Archer Training Ground- Int","AP_per_Run":20,"BP_AP":18.4,"AP_per_Drop":70.8,"Drop_Chance":28.3,"Image":""},
{"Item":"Magic Gem of Archer","Number":4,"Area":"E Pluribus Unum","Quest":"Chicago","AP_per_Run":21,"BP_AP":46.7,"AP_per_Drop":125.5,"Drop_Chance":16.7,"Image":""},
{"Item":"Magic Gem of Archer","Number":5,"Area":"Camelot","Quest":"Main Gate","AP_per_Run":20,"BP_AP":45.4,"AP_per_Drop":180,"Drop_Chance":11.1,"Image":""},
{"Item":"Magic Gem of Lancer","Number":1,"Area":"Chaldea Gate (Tue)","Quest":"TUE Lancer Training Ground- Adv","AP_per_Run":30,"BP_AP":18.3,"AP_per_Drop":20.3,"Drop_Chance":147.8,"Image":"https://cirnopedia.org/fate-go/icons/item/item_051.png"},
{"Item":"Magic Gem of Lancer","Number":2,"Area":"Chaldea Gate (Tue)","Quest":"TUE Lancer Training Ground- Int","AP_per_Run":20,"BP_AP":18.4,"AP_per_Drop":26.5,"Drop_Chance":75.6,"Image":""},
{"Item":"Magic Gem of Lancer","Number":3,"Area":"Chaldea Gate (Tue)","Quest":"TUE Lancer Training Ground- Exp","AP_per_Run":40,"BP_AP":19.7,"AP_per_Drop":33.6,"Drop_Chance":119.2,"Image":""},
{"Item":"Magic Gem of Lancer","Number":4,"Area":"Camelot","Quest":"East Village","AP_per_Run":19,"BP_AP":44,"AP_per_Drop":125.4,"Drop_Chance":15.2,"Image":""},
{"Item":"Magic Gem of Lancer","Number":5,"Area":"London","Quest":"Southwark","AP_per_Run":19,"BP_AP":44,"AP_per_Drop":155.9,"Drop_Chance":12.2,"Image":""},
{"Item":"Magic Gem of Rider","Number":1,"Area":"Chaldea Gate (Thu)","Quest":"THU Rider Training Ground- Int","AP_per_Run":20,"BP_AP":18.4,"AP_per_Drop":21.1,"Drop_Chance":95,"Image":"https://cirnopedia.org/fate-go/icons/item/item_052.png"},
{"Item":"Magic Gem of Rider","Number":2,"Area":"Chaldea Gate (Thu)","Quest":"THU Rider Training Ground- Adv","AP_per_Run":30,"BP_AP":18.3,"AP_per_Drop":23.4,"Drop_Chance":128.2,"Image":""},
{"Item":"Magic Gem of Rider","Number":3,"Area":"Chaldea Gate (Thu)","Quest":"THU Rider Training Ground- Exp","AP_per_Run":40,"BP_AP":19.7,"AP_per_Drop":39.9,"Drop_Chance":100.2,"Image":""},
{"Item":"Magic Gem of Rider","Number":4,"Area":"Babylonia","Quest":"Eridu","AP_per_Run":21,"BP_AP":45.5,"AP_per_Drop":113.4,"Drop_Chance":18.5,"Image":""},
{"Item":"Magic Gem of Rider","Number":5,"Area":"Babylonia","Quest":"Black Cedar Forest","AP_per_Run":20,"BP_AP":46.6,"AP_per_Drop":124,"Drop_Chance":16.1,"Image":""},
{"Item":"Magic Gem of Caster","Number":1,"Area":"Chaldea Gate (Fri)","Quest":"FRI Caster Training Ground- Adv","AP_per_Run":30,"BP_AP":18.3,"AP_per_Drop":18.5,"Drop_Chance":162.4,"Image":"https://cirnopedia.org/fate-go/icons/item/item_053.png"},
{"Item":"Magic Gem of Caster","Number":2,"Area":"Chaldea Gate (Fri)","Quest":"FRI Caster Training Ground- Int","AP_per_Run":20,"BP_AP":18.4,"AP_per_Drop":30,"Drop_Chance":66.7,"Image":""},
{"Item":"Magic Gem of Caster","Number":3,"Area":"Chaldea Gate (Fri)","Quest":"FRI Caster Training Ground- Exp","AP_per_Run":40,"BP_AP":19.7,"AP_per_Drop":44.1,"Drop_Chance":90.7,"Image":""},
{"Item":"Magic Gem of Caster","Number":4,"Area":"Camelot","Quest":"Dune of Dawn","AP_per_Run":19,"BP_AP":42.7,"AP_per_Drop":71.5,"Drop_Chance":26.6,"Image":""},
{"Item":"Magic Gem of Caster","Number":5,"Area":"Okeanos","Quest":"Sunken Rock Seas","AP_per_Run":17,"BP_AP":39.3,"AP_per_Drop":84.9,"Drop_Chance":20,"Image":""},
{"Item":"Magic Gem of Assassin","Number":1,"Area":"Chaldea Gate (Sat)","Quest":"SAT Assassin Training Ground- Adv","AP_per_Run":30,"BP_AP":18.3,"AP_per_Drop":19.9,"Drop_Chance":150.6,"Image":"https://cirnopedia.org/fate-go/icons/item/item_054.png"},
{"Item":"Magic Gem of Assassin","Number":2,"Area":"Chaldea Gate (Sat)","Quest":"SAT Assassin Training Ground- Int","AP_per_Run":20,"BP_AP":18.4,"AP_per_Drop":20,"Drop_Chance":100,"Image":""},
{"Item":"Magic Gem of Assassin","Number":3,"Area":"Chaldea Gate (Sat)","Quest":"SAT Assassin Training Ground- Exp","AP_per_Run":40,"BP_AP":19.7,"AP_per_Drop":33.8,"Drop_Chance":118.4,"Image":""},
{"Item":"Magic Gem of Assassin","Number":4,"Area":"Babylonia","Quest":"Northern Hill","AP_per_Run":20,"BP_AP":46.6,"AP_per_Drop":68.6,"Drop_Chance":29.2,"Image":""},
{"Item":"Magic Gem of Assassin","Number":5,"Area":"Camelot","Quest":"Mausoleum of the Evening Bell","AP_per_Run":19,"BP_AP":45.3,"AP_per_Drop":130.8,"Drop_Chance":14.5,"Image":""},
{"Item":"Magic Gem of Berserker","Number":1,"Area":"Chaldea Gate (Wed)","Quest":"WED Berserker Training Ground- Adv","AP_per_Run":30,"BP_AP":18.3,"AP_per_Drop":22.7,"Drop_Chance":132.4,"Image":"https://cirnopedia.org/fate-go/icons/item/item_055.png"},
{"Item":"Magic Gem of Berserker","Number":2,"Area":"Chaldea Gate (Wed)","Quest":"WED Berserker Training Ground- Int","AP_per_Run":20,"BP_AP":18.4,"AP_per_Drop":33.9,"Drop_Chance":59,"Image":""},
{"Item":"Magic Gem of Berserker","Number":3,"Area":"Chaldea Gate (Wed)","Quest":"WED Berserker Training Ground- Exp","AP_per_Run":40,"BP_AP":19.7,"AP_per_Drop":36.8,"Drop_Chance":108.8,"Image":""},
{"Item":"Magic Gem of Berserker","Number":4,"Area":"Babylonia","Quest":"Ur","AP_per_Run":21,"BP_AP":45.5,"AP_per_Drop":84,"Drop_Chance":25,"Image":""},
{"Item":"Magic Gem of Berserker","Number":5,"Area":"Babylonia","Quest":"Mt. Ebih","AP_per_Run":21,"BP_AP":49,"AP_per_Drop":85,"Drop_Chance":24.7,"Image":""},
{"Item":"Gem of Saber","Number":1,"Area":"Chaldea Gate (Sun)","Quest":"SUN Saber Training Ground- Nov","AP_per_Run":10,"BP_AP":18.8,"AP_per_Drop":7.3,"Drop_Chance":136.4,"Image":"https://cirnopedia.org/fate-go/icons/item/item_041.png"},
{"Item":"Gem of Saber","Number":2,"Area":"Chaldea Gate (Sun)","Quest":"SUN Saber Training Ground- Int","AP_per_Run":20,"BP_AP":18.4,"AP_per_Drop":17.3,"Drop_Chance":115.9,"Image":""},
{"Item":"Gem of Saber","Number":3,"Area":"Fuyuki","Quest":"Unknown Coordinates X-C","AP_per_Run":4,"BP_AP":23,"AP_per_Drop":19.1,"Drop_Chance":20.9,"Image":""},
{"Item":"Gem of Saber","Number":4,"Area":"Fuyuki","Quest":"Unknown Coordinates X-E","AP_per_Run":5,"BP_AP":28,"AP_per_Drop":19.2,"Drop_Chance":26.1,"Image":""},
{"Item":"Gem of Saber","Number":5,"Area":"Fuyuki","Quest":"Unknown Coordinates X-B","AP_per_Run":4,"BP_AP":23,"AP_per_Drop":20.6,"Drop_Chance":19.4,"Image":""},
{"Item":"Gem of Archer","Number":1,"Area":"Chaldea Gate (Mon)","Quest":"MON Archer Training Ground- Nov","AP_per_Run":10,"BP_AP":18.8,"AP_per_Drop":7.8,"Drop_Chance":128.6,"Image":"https://cirnopedia.org/fate-go/icons/item/item_042.png"},
{"Item":"Gem of Archer","Number":2,"Area":"Chaldea Gate (Mon)","Quest":"MON Archer Training Ground- Int","AP_per_Run":20,"BP_AP":18.4,"AP_per_Drop":14.6,"Drop_Chance":137,"Image":""},
{"Item":"Gem of Archer","Number":3,"Area":"Septem","Quest":"Shaped Isle","AP_per_Run":9,"BP_AP":31.6,"AP_per_Drop":24.4,"Drop_Chance":36.8,"Image":""},
{"Item":"Gem of Archer","Number":4,"Area":"Fuyuki","Quest":"Unknown Coordinates X-F","AP_per_Run":5,"BP_AP":32.8,"AP_per_Drop":25.7,"Drop_Chance":19.4,"Image":""},
{"Item":"Gem of Archer","Number":5,"Area":"Septem","Quest":"Florence","AP_per_Run":9,"BP_AP":28.9,"AP_per_Drop":28.8,"Drop_Chance":31.3,"Image":""},
{"Item":"Gem of Lancer","Number":1,"Area":"Chaldea Gate (Tue)","Quest":"TUE Lancer Training Ground- Nov","AP_per_Run":10,"BP_AP":18.8,"AP_per_Drop":8.7,"Drop_Chance":115.3,"Image":"https://cirnopedia.org/fate-go/icons/item/item_043.png"},
{"Item":"Gem of Lancer","Number":2,"Area":"Chaldea Gate (Tue)","Quest":"TUE Lancer Training Ground- Int","AP_per_Run":20,"BP_AP":18.4,"AP_per_Drop":18.4,"Drop_Chance":108.9,"Image":""},
{"Item":"Gem of Lancer","Number":3,"Area":"Orleans","Quest":"Bordeaux","AP_per_Run":7,"BP_AP":30.3,"AP_per_Drop":24.6,"Drop_Chance":28.5,"Image":""},
{"Item":"Gem of Lancer","Number":4,"Area":"Fuyuki","Quest":"Unknown Coordinates X-C","AP_per_Run":4,"BP_AP":23,"AP_per_Drop":27.8,"Drop_Chance":14.4,"Image":""},
{"Item":"Gem of Lancer","Number":5,"Area":"Septem","Quest":"Britannia","AP_per_Run":10,"BP_AP":30.8,"AP_per_Drop":29.7,"Drop_Chance":33.7,"Image":""},
{"Item":"Gem of Rider","Number":1,"Area":"Chaldea Gate (Thu)","Quest":"THU Rider Training Ground- Nov","AP_per_Run":10,"BP_AP":18.8,"AP_per_Drop":8.7,"Drop_Chance":115.3,"Image":"https://cirnopedia.org/fate-go/icons/item/item_044.png"},
{"Item":"Gem of Rider","Number":2,"Area":"Orleans","Quest":"Thiers","AP_per_Run":7,"BP_AP":30.3,"AP_per_Drop":21.2,"Drop_Chance":33.1,"Image":""},
{"Item":"Gem of Rider","Number":3,"Area":"Chaldea Gate (Thu)","Quest":"THU Rider Training Ground- Int","AP_per_Run":20,"BP_AP":18.4,"AP_per_Drop":22.5,"Drop_Chance":88.8,"Image":""},
{"Item":"Gem of Rider","Number":4,"Area":"Orleans","Quest":"La Charite","AP_per_Run":7,"BP_AP":26.9,"AP_per_Drop":23.5,"Drop_Chance":29.9,"Image":""},
{"Item":"Gem of Rider","Number":5,"Area":"Okeanos","Quest":"Island of Wyverns","AP_per_Run":14,"BP_AP":37.4,"AP_per_Drop":30.3,"Drop_Chance":46.1,"Image":""},
{"Item":"Gem of Caster","Number":1,"Area":"Chaldea Gate (Fri)","Quest":"FRI Caster Training Ground- Nov","AP_per_Run":10,"BP_AP":18.8,"AP_per_Drop":8.2,"Drop_Chance":121.8,"Image":"https://cirnopedia.org/fate-go/icons/item/item_045.png"},
{"Item":"Gem of Caster","Number":2,"Area":"Chaldea Gate (Fri)","Quest":"FRI Caster Training Ground- Int","AP_per_Run":20,"BP_AP":18.4,"AP_per_Drop":20.7,"Drop_Chance":96.7,"Image":""},
{"Item":"Gem of Caster","Number":3,"Area":"London","Quest":"Regent Park","AP_per_Run":16,"BP_AP":37.3,"AP_per_Drop":46.2,"Drop_Chance":34.6,"Image":""},
{"Item":"Gem of Caster","Number":4,"Area":"Camelot","Quest":"Dune of Dawn","AP_per_Run":19,"BP_AP":42.7,"AP_per_Drop":76,"Drop_Chance":25,"Image":""},
{"Item":"Gem of Caster","Number":5,"Area":"Okeanos","Quest":"Sunken Rock Seas","AP_per_Run":17,"BP_AP":39.3,"AP_per_Drop":104.5,"Drop_Chance":16.3,"Image":""},
{"Item":"Gem of Assassin","Number":1,"Area":"Chaldea Gate (Sat)","Quest":"SAT Assassin Training Ground- Nov","AP_per_Run":10,"BP_AP":18.8,"AP_per_Drop":7.2,"Drop_Chance":139.5,"Image":"https://cirnopedia.org/fate-go/icons/item/item_046.png"},
{"Item":"Gem of Assassin","Number":2,"Area":"Chaldea Gate (Sat)","Quest":"SAT Assassin Training Ground- Int","AP_per_Run":20,"BP_AP":18.4,"AP_per_Drop":21.4,"Drop_Chance":93.4,"Image":""},
{"Item":"Gem of Assassin","Number":3,"Area":"Septem","Quest":"Mt. Etna","AP_per_Run":9,"BP_AP":28.9,"AP_per_Drop":25.4,"Drop_Chance":35.4,"Image":""},
{"Item":"Gem of Assassin","Number":4,"Area":"Orleans","Quest":"Bordeaux","AP_per_Run":7,"BP_AP":30.3,"AP_per_Drop":27.9,"Drop_Chance":25.1,"Image":""},
{"Item":"Gem of Assassin","Number":5,"Area":"Okeanos","Quest":"Stormy Seas","AP_per_Run":15,"BP_AP":36.5,"AP_per_Drop":30.4,"Drop_Chance":49.3,"Image":""},
{"Item":"Gem of Berserker","Number":1,"Area":"Chaldea Gate (Wed)","Quest":"WED Berserker Training Ground- Nov","AP_per_Run":10,"BP_AP":18.8,"AP_per_Drop":8,"Drop_Chance":124.6,"Image":"https://cirnopedia.org/fate-go/icons/item/item_047.png"},
{"Item":"Gem of Berserker","Number":2,"Area":"Chaldea Gate (Wed)","Quest":"WED Berserker Training Ground- Int","AP_per_Run":20,"BP_AP":18.4,"AP_per_Drop":16,"Drop_Chance":124.8,"Image":""},
{"Item":"Gem of Berserker","Number":3,"Area":"Septem","Quest":"Gaul","AP_per_Run":9,"BP_AP":31.6,"AP_per_Drop":58.1,"Drop_Chance":15.5,"Image":""},
{"Item":"Gem of Berserker","Number":4,"Area":"Okeanos","Quest":"Two-Current Sea","AP_per_Run":14,"BP_AP":35.7,"AP_per_Drop":68,"Drop_Chance":20.6,"Image":""},
{"Item":"Gem of Berserker","Number":5,"Area":"Okeanos","Quest":"King's Abode Island","AP_per_Run":13,"BP_AP":34.8,"AP_per_Drop":92.1,"Drop_Chance":14.1,"Image":""},
{"Item":"Saber Monument","Number":1,"Area":"Chaldea Gate (Sun)","Quest":"SUN Saber Training Ground- Exp","AP_per_Run":40,"BP_AP":19.7,"AP_per_Drop":72.2,"Drop_Chance":55.4,"Image":"https://cirnopedia.org/fate-go/icons/item/item_033.png"},
{"Item":"Saber Monument","Number":2,"Area":"Chaldea Gate (Sun)","Quest":"SUN Saber Training Ground- Adv","AP_per_Run":30,"BP_AP":18.3,"AP_per_Drop":90,"Drop_Chance":33.3,"Image":""},
{"Item":"Saber Monument","Number":3,"Area":"Chaldea Gate (Sun)","Quest":"SUN Saber Training Ground- Nov","AP_per_Run":10,"BP_AP":18.8,"AP_per_Drop":196.7,"Drop_Chance":5.1,"Image":""},
{"Item":"Saber Monument","Number":4,"Area":"Chaldea Gate (Sun)","Quest":"SUN Saber Training Ground- Int","AP_per_Run":20,"BP_AP":18.4,"AP_per_Drop":293.3,"Drop_Chance":6.8,"Image":""},
{"Item":"Saber Monument","Number":5,"Area":"Camelot","Quest":"Royal Castle","AP_per_Run":21,"BP_AP":49,"AP_per_Drop":394.8,"Drop_Chance":5.3,"Image":""},
{"Item":"Archer Monument","Number":1,"Area":"Chaldea Gate (Mon)","Quest":"MON Archer Training Ground- Adv","AP_per_Run":30,"BP_AP":18.3,"AP_per_Drop":73.8,"Drop_Chance":40.7,"Image":"https://cirnopedia.org/fate-go/icons/item/item_034.png"},
{"Item":"Archer Monument","Number":2,"Area":"Chaldea Gate (Mon)","Quest":"MON Archer Training Ground- Exp","AP_per_Run":40,"BP_AP":19.7,"AP_per_Drop":81.5,"Drop_Chance":49.1,"Image":""},
{"Item":"Archer Monument","Number":3,"Area":"Chaldea Gate (Mon)","Quest":"MON Archer Training Ground- Nov","AP_per_Run":10,"BP_AP":18.8,"AP_per_Drop":370,"Drop_Chance":2.7,"Image":""},
{"Item":"Archer Monument","Number":4,"Area":"E Pluribus Unum","Quest":"Montgomery","AP_per_Run":18,"BP_AP":42.4,"AP_per_Drop":405,"Drop_Chance":4.4,"Image":""},
{"Item":"Archer Monument","Number":5,"Area":"Chaldea Gate (Mon)","Quest":"MON Archer Training Ground- Int","AP_per_Run":20,"BP_AP":18.4,"AP_per_Drop":460,"Drop_Chance":4.3,"Image":""},
{"Item":"Lancer Monument","Number":1,"Area":"Chaldea Gate (Tue)","Quest":"TUE Lancer Training Ground- Exp","AP_per_Run":40,"BP_AP":19.7,"AP_per_Drop":70.4,"Drop_Chance":56.8,"Image":"https://cirnopedia.org/fate-go/icons/item/item_035.png"},
{"Item":"Lancer Monument","Number":2,"Area":"Chaldea Gate (Tue)","Quest":"TUE Lancer Training Ground- Adv","AP_per_Run":30,"BP_AP":18.3,"AP_per_Drop":90,"Drop_Chance":33.3,"Image":""},
{"Item":"Lancer Monument","Number":3,"Area":"E Pluribus Unum","Quest":"Riverton","AP_per_Run":17,"BP_AP":40.7,"AP_per_Drop":180.2,"Drop_Chance":9.4,"Image":""},
{"Item":"Lancer Monument","Number":4,"Area":"E Pluribus Unum","Quest":"Des Moines","AP_per_Run":18,"BP_AP":41.1,"AP_per_Drop":252,"Drop_Chance":7.1,"Image":""},
{"Item":"Lancer Monument","Number":5,"Area":"Chaldea Gate (Tue)","Quest":"TUE Lancer Training Ground- Int","AP_per_Run":20,"BP_AP":18.4,"AP_per_Drop":450,"Drop_Chance":4.4,"Image":""},
{"Item":"Rider Monument","Number":1,"Area":"Chaldea Gate (Thu)","Quest":"THU Rider Training Ground- Adv","AP_per_Run":30,"BP_AP":18.3,"AP_per_Drop":68.8,"Drop_Chance":43.6,"Image":"https://cirnopedia.org/fate-go/icons/item/item_036.png"},
{"Item":"Rider Monument","Number":2,"Area":"Chaldea Gate (Thu)","Quest":"THU Rider Training Ground- Exp","AP_per_Run":40,"BP_AP":19.7,"AP_per_Drop":75.1,"Drop_Chance":53.3,"Image":""},
{"Item":"Rider Monument","Number":3,"Area":"Chaldea Gate (Thu)","Quest":"THU Rider Training Ground- Int","AP_per_Run":20,"BP_AP":18.4,"AP_per_Drop":266.7,"Drop_Chance":7.5,"Image":""},
{"Item":"Rider Monument","Number":4,"Area":"Okeanos","Quest":"Pirate Island","AP_per_Run":13,"BP_AP":32.9,"AP_per_Drop":578.5,"Drop_Chance":2.2,"Image":""},
{"Item":"Rider Monument","Number":5,"Area":"Chaldea Gate (Thu)","Quest":"THU Rider Training Ground- Nov","AP_per_Run":10,"BP_AP":18.8,"AP_per_Drop":587.5,"Drop_Chance":1.7,"Image":""},
{"Item":"Caster Monument","Number":1,"Area":"Chaldea Gate (Fri)","Quest":"FRI Caster Training Ground- Exp","AP_per_Run":40,"BP_AP":19.7,"AP_per_Drop":71.4,"Drop_Chance":56,"Image":"https://cirnopedia.org/fate-go/icons/item/item_037.png"},
{"Item":"Caster Monument","Number":2,"Area":"Chaldea Gate (Fri)","Quest":"FRI Caster Training Ground- Adv","AP_per_Run":30,"BP_AP":18.3,"AP_per_Drop":88.7,"Drop_Chance":33.8,"Image":""},
{"Item":"Caster Monument","Number":3,"Area":"London","Quest":"Soho","AP_per_Run":16,"BP_AP":37.3,"AP_per_Drop":184,"Drop_Chance":8.7,"Image":""},
{"Item":"Caster Monument","Number":4,"Area":"London","Quest":"Westminster","AP_per_Run":16,"BP_AP":37.3,"AP_per_Drop":256,"Drop_Chance":6.3,"Image":""},
{"Item":"Caster Monument","Number":5,"Area":"Chaldea Gate (Fri)","Quest":"FRI Caster Training Ground- Int","AP_per_Run":20,"BP_AP":18.4,"AP_per_Drop":257.1,"Drop_Chance":7.8,"Image":""},
{"Item":"Assassin Monument","Number":1,"Area":"Chaldea Gate (Sat)","Quest":"SAT Assassin Training Ground- Exp","AP_per_Run":40,"BP_AP":19.7,"AP_per_Drop":74.6,"Drop_Chance":53.6,"Image":"https://cirnopedia.org/fate-go/icons/item/item_038.png"},
{"Item":"Assassin Monument","Number":2,"Area":"Chaldea Gate (Sat)","Quest":"SAT Assassin Training Ground- Adv","AP_per_Run":30,"BP_AP":18.3,"AP_per_Drop":103.8,"Drop_Chance":28.9,"Image":""},
{"Item":"Assassin Monument","Number":3,"Area":"Chaldea Gate (Sat)","Quest":"SAT Assassin Training Ground- Nov","AP_per_Run":10,"BP_AP":18.8,"AP_per_Drop":245,"Drop_Chance":4.1,"Image":""},
{"Item":"Assassin Monument","Number":4,"Area":"Chaldea Gate (Sat)","Quest":"SAT Assassin Training Ground- Int","AP_per_Run":20,"BP_AP":18.4,"AP_per_Drop":455,"Drop_Chance":4.4,"Image":""},
{"Item":"Assassin Monument","Number":5,"Area":"London","Quest":"White Chapel","AP_per_Run":15,"BP_AP":38.1,"AP_per_Drop":735,"Drop_Chance":2,"Image":""},
{"Item":"Berserker Monument","Number":1,"Area":"Chaldea Gate (Wed)","Quest":"WED Berserker Training Ground- Adv","AP_per_Run":30,"BP_AP":18.3,"AP_per_Drop":65.3,"Drop_Chance":45.9,"Image":"https://cirnopedia.org/fate-go/icons/item/item_039.png"},
{"Item":"Berserker Monument","Number":2,"Area":"Chaldea Gate (Wed)","Quest":"WED Berserker Training Ground- Exp","AP_per_Run":40,"BP_AP":19.7,"AP_per_Drop":73.5,"Drop_Chance":54.4,"Image":""},
{"Item":"Berserker Monument","Number":3,"Area":"Chaldea Gate (Wed)","Quest":"WED Berserker Training Ground- Int","AP_per_Run":20,"BP_AP":18.4,"AP_per_Drop":117,"Drop_Chance":17.1,"Image":""},
{"Item":"Berserker Monument","Number":4,"Area":"E Pluribus Unum","Quest":"Charlotte","AP_per_Run":20,"BP_AP":45.4,"AP_per_Drop":185.3,"Drop_Chance":10.8,"Image":""},
{"Item":"Berserker Monument","Number":5,"Area":"Chaldea Gate (Wed)","Quest":"WED Berserker Training Ground- Nov","AP_per_Run":10,"BP_AP":18.8,"AP_per_Drop":285,"Drop_Chance":3.5,"Image":""},
{"Item":"Saber Piece","Number":1,"Area":"Chaldea Gate (Sun)","Quest":"SUN Saber Training Ground- Int","AP_per_Run":20,"BP_AP":18.4,"AP_per_Drop":27.5,"Drop_Chance":72.7,"Image":"https://cirnopedia.org/fate-go/icons/item/item_025.png"},
{"Item":"Saber Piece","Number":2,"Area":"Chaldea Gate (Sun)","Quest":"SUN Saber Training Ground- Adv","AP_per_Run":30,"BP_AP":18.3,"AP_per_Drop":31.1,"Drop_Chance":96.4,"Image":""},
{"Item":"Saber Piece","Number":3,"Area":"Chaldea Gate (Sun)","Quest":"SUN Saber Training Ground- Nov","AP_per_Run":10,"BP_AP":18.8,"AP_per_Drop":36.9,"Drop_Chance":27.1,"Image":""},
{"Item":"Saber Piece","Number":4,"Area":"Chaldea Gate (Sun)","Quest":"SUN Saber Training Ground- Exp","AP_per_Run":40,"BP_AP":19.7,"AP_per_Drop":59,"Drop_Chance":67.8,"Image":""},
{"Item":"Saber Piece","Number":5,"Area":"Fuyuki","Quest":"Mobile Coordinate No.0","AP_per_Run":7,"BP_AP":26.9,"AP_per_Drop":72.8,"Drop_Chance":9.6,"Image":""},
{"Item":"Archer Piece","Number":1,"Area":"Chaldea Gate (Mon)","Quest":"MON Archer Training Ground- Adv","AP_per_Run":30,"BP_AP":18.3,"AP_per_Drop":28.1,"Drop_Chance":106.8,"Image":"https://cirnopedia.org/fate-go/icons/item/item_026.png"},
{"Item":"Archer Piece","Number":2,"Area":"Chaldea Gate (Mon)","Quest":"MON Archer Training Ground- Int","AP_per_Run":20,"BP_AP":18.4,"AP_per_Drop":28.8,"Drop_Chance":69.6,"Image":""},
{"Item":"Archer Piece","Number":3,"Area":"Chaldea Gate (Mon)","Quest":"MON Archer Training Ground- Exp","AP_per_Run":40,"BP_AP":19.7,"AP_per_Drop":49.9,"Drop_Chance":80.2,"Image":""},
{"Item":"Archer Piece","Number":4,"Area":"Chaldea Gate (Mon)","Quest":"MON Archer Training Ground- Nov","AP_per_Run":10,"BP_AP":18.8,"AP_per_Drop":51.4,"Drop_Chance":19.5,"Image":""},
{"Item":"Archer Piece","Number":5,"Area":"E Pluribus Unum","Quest":"Montgomery","AP_per_Run":18,"BP_AP":42.4,"AP_per_Drop":135,"Drop_Chance":13.3,"Image":""},
{"Item":"Lancer Piece","Number":1,"Area":"Chaldea Gate (Tue)","Quest":"TUE Lancer Training Ground- Adv","AP_per_Run":30,"BP_AP":18.3,"AP_per_Drop":29.2,"Drop_Chance":102.9,"Image":"https://cirnopedia.org/fate-go/icons/item/item_027.png"},
{"Item":"Lancer Piece","Number":2,"Area":"Chaldea Gate (Tue)","Quest":"TUE Lancer Training Ground- Int","AP_per_Run":20,"BP_AP":18.4,"AP_per_Drop":32.1,"Drop_Chance":62.2,"Image":""},
{"Item":"Lancer Piece","Number":3,"Area":"Chaldea Gate (Tue)","Quest":"TUE Lancer Training Ground- Nov","AP_per_Run":10,"BP_AP":18.8,"AP_per_Drop":40.8,"Drop_Chance":24.5,"Image":""},
{"Item":"Lancer Piece","Number":4,"Area":"Chaldea Gate (Tue)","Quest":"TUE Lancer Training Ground- Exp","AP_per_Run":40,"BP_AP":19.7,"AP_per_Drop":51.3,"Drop_Chance":78,"Image":""},
{"Item":"Lancer Piece","Number":5,"Area":"E Pluribus Unum","Quest":"Riverton","AP_per_Run":17,"BP_AP":40.7,"AP_per_Drop":90.1,"Drop_Chance":18.9,"Image":""},
{"Item":"Rider Piece","Number":1,"Area":"Chaldea Gate (Thu)","Quest":"THU Rider Training Ground- Int","AP_per_Run":20,"BP_AP":18.4,"AP_per_Drop":27.6,"Drop_Chance":72.5,"Image":"https://cirnopedia.org/fate-go/icons/item/item_028.png"},
{"Item":"Rider Piece","Number":2,"Area":"Chaldea Gate (Thu)","Quest":"THU Rider Training Ground- Adv","AP_per_Run":30,"BP_AP":18.3,"AP_per_Drop":31.6,"Drop_Chance":94.9,"Image":""},
{"Item":"Rider Piece","Number":3,"Area":"Chaldea Gate (Thu)","Quest":"THU Rider Training Ground- Nov","AP_per_Run":10,"BP_AP":18.8,"AP_per_Drop":41.2,"Drop_Chance":24.3,"Image":""},
{"Item":"Rider Piece","Number":4,"Area":"Chaldea Gate (Thu)","Quest":"THU Rider Training Ground- Exp","AP_per_Run":40,"BP_AP":19.7,"AP_per_Drop":49.2,"Drop_Chance":81.4,"Image":""},
{"Item":"Rider Piece","Number":5,"Area":"Orleans","Quest":"Jura","AP_per_Run":7,"BP_AP":30.3,"AP_per_Drop":72.1,"Drop_Chance":9.7,"Image":""},
{"Item":"Caster Piece","Number":1,"Area":"Chaldea Gate (Fri)","Quest":"FRI Caster Training Ground- Int","AP_per_Run":20,"BP_AP":18.4,"AP_per_Drop":23.7,"Drop_Chance":84.4,"Image":"https://cirnopedia.org/fate-go/icons/item/item_029.png"},
{"Item":"Caster Piece","Number":2,"Area":"Chaldea Gate (Fri)","Quest":"FRI Caster Training Ground- Nov","AP_per_Run":10,"BP_AP":18.8,"AP_per_Drop":32.3,"Drop_Chance":31,"Image":""},
{"Item":"Caster Piece","Number":3,"Area":"Chaldea Gate (Fri)","Quest":"FRI Caster Training Ground- Adv","AP_per_Run":30,"BP_AP":18.3,"AP_per_Drop":34.1,"Drop_Chance":88,"Image":""},
{"Item":"Caster Piece","Number":4,"Area":"Chaldea Gate (Fri)","Quest":"FRI Caster Training Ground- Exp","AP_per_Run":40,"BP_AP":19.7,"AP_per_Drop":48.8,"Drop_Chance":81.9,"Image":""},
{"Item":"Caster Piece","Number":5,"Area":"Orleans","Quest":"Orleans","AP_per_Run":8,"BP_AP":29.5,"AP_per_Drop":82.1,"Drop_Chance":9.7,"Image":""},
{"Item":"Assassin Piece","Number":1,"Area":"Chaldea Gate (Sat)","Quest":"SAT Assassin Training Ground- Int","AP_per_Run":20,"BP_AP":18.4,"AP_per_Drop":26.8,"Drop_Chance":74.7,"Image":"https://cirnopedia.org/fate-go/icons/item/item_030.png"},
{"Item":"Assassin Piece","Number":2,"Area":"Chaldea Gate (Sat)","Quest":"SAT Assassin Training Ground- Adv","AP_per_Run":30,"BP_AP":18.3,"AP_per_Drop":28.3,"Drop_Chance":106,"Image":""},
{"Item":"Assassin Piece","Number":3,"Area":"Chaldea Gate (Sat)","Quest":"SAT Assassin Training Ground- Nov","AP_per_Run":10,"BP_AP":18.8,"AP_per_Drop":38.7,"Drop_Chance":25.9,"Image":""},
{"Item":"Assassin Piece","Number":4,"Area":"Chaldea Gate (Sat)","Quest":"SAT Assassin Training Ground- Exp","AP_per_Run":40,"BP_AP":19.7,"AP_per_Drop":48.6,"Drop_Chance":82.2,"Image":""},
{"Item":"Assassin Piece","Number":5,"Area":"Orleans","Quest":"Lyon","AP_per_Run":7,"BP_AP":30.3,"AP_per_Drop":63,"Drop_Chance":11.1,"Image":""},
{"Item":"Berserker Piece","Number":1,"Area":"Chaldea Gate (Wed)","Quest":"WED Berserker Training Ground- Int","AP_per_Run":20,"BP_AP":18.4,"AP_per_Drop":35.5,"Drop_Chance":56.4,"Image":"https://cirnopedia.org/fate-go/icons/item/item_031.png"},
{"Item":"Berserker Piece","Number":2,"Area":"Chaldea Gate (Wed)","Quest":"WED Berserker Training Ground- Adv","AP_per_Run":30,"BP_AP":18.3,"AP_per_Drop":35.8,"Drop_Chance":83.8,"Image":""},
{"Item":"Berserker Piece","Number":3,"Area":"Chaldea Gate (Wed)","Quest":"WED Berserker Training Ground- Exp","AP_per_Run":40,"BP_AP":19.7,"AP_per_Drop":46.6,"Drop_Chance":85.8,"Image":""},
{"Item":"Berserker Piece","Number":4,"Area":"Chaldea Gate (Wed)","Quest":"WED Berserker Training Ground- Nov","AP_per_Run":10,"BP_AP":18.8,"AP_per_Drop":47.5,"Drop_Chance":21.1,"Image":""},
{"Item":"Berserker Piece","Number":5,"Area":"Orleans","Quest":"Thiers","AP_per_Run":7,"BP_AP":30.3,"AP_per_Drop":68.1,"Drop_Chance":10.3,"Image":""}]
