[{"Level":1,"Exp_Total":0,"To_Next":100,"QP":600},
{"Level":2,"Exp_Total":100,"To_Next":300,"QP":780},
{"Level":3,"Exp_Total":400,"To_Next":600,"QP":960},
{"Level":4,"Exp_Total":1000,"To_Next":1000,"QP":1140},
{"Level":5,"Exp_Total":2000,"To_Next":1500,"QP":1320},
{"Level":6,"Exp_Total":3500,"To_Next":2100,"QP":1500},
{"Level":7,"Exp_Total":5600,"To_Next":2800,"QP":1680},
{"Level":8,"Exp_Total":8400,"To_Next":3600,"QP":1860},
{"Level":9,"Exp_Total":12000,"To_Next":4500,"QP":2040},
{"Level":10,"Exp_Total":16500,"To_Next":5500,"QP":2220},
{"Level":11,"Exp_Total":22000,"To_Next":6600,"QP":2400},
{"Level":12,"Exp_Total":28600,"To_Next":7800,"QP":2580},
{"Level":13,"Exp_Total":36400,"To_Next":9100,"QP":2760},
{"Level":14,"Exp_Total":45500,"To_Next":10500,"QP":2940},
{"Level":15,"Exp_Total":56000,"To_Next":12000,"QP":3120},
{"Level":16,"Exp_Total":68000,"To_Next":13600,"QP":3300},
{"Level":17,"Exp_Total":81600,"To_Next":15300,"QP":3480},
{"Level":18,"Exp_Total":96900,"To_Next":17100,"QP":3660},
{"Level":19,"Exp_Total":114000,"To_Next":19000,"QP":3840},
{"Level":20,"Exp_Total":133000,"To_Next":21000,"QP":4020},
{"Level":21,"Exp_Total":154000,"To_Next":23100,"QP":4200},
{"Level":22,"Exp_Total":177100,"To_Next":25300,"QP":4380},
{"Level":23,"Exp_Total":202400,"To_Next":27600,"QP":4560},
{"Level":24,"Exp_Total":230000,"To_Next":30000,"QP":4740},
{"Level":25,"Exp_Total":260000,"To_Next":32500,"QP":4920},
{"Level":26,"Exp_Total":292500,"To_Next":35100,"QP":5100},
{"Level":27,"Exp_Total":327600,"To_Next":37800,"QP":5280},
{"Level":28,"Exp_Total":365400,"To_Next":40600,"QP":5460},
{"Level":29,"Exp_Total":406000,"To_Next":43500,"QP":5640},
{"Level":30,"Exp_Total":449500,"To_Next":46500,"QP":5820},
{"Level":31,"Exp_Total":496000,"To_Next":49600,"QP":6000},
{"Level":32,"Exp_Total":545600,"To_Next":52800,"QP":6180},
{"Level":33,"Exp_Total":598400,"To_Next":56100,"QP":6360},
{"Level":34,"Exp_Total":654500,"To_Next":59500,"QP":6540},
{"Level":35,"Exp_Total":714000,"To_Next":63000,"QP":6720},
{"Level":36,"Exp_Total":777000,"To_Next":66600,"QP":6900},
{"Level":37,"Exp_Total":843600,"To_Next":70300,"QP":7080},
{"Level":38,"Exp_Total":913900,"To_Next":74100,"QP":7260},
{"Level":39,"Exp_Total":988000,"To_Next":78000,"QP":7440},
{"Level":40,"Exp_Total":1066000,"To_Next":82000,"QP":7620},
{"Level":41,"Exp_Total":1148000,"To_Next":86100,"QP":7800},
{"Level":42,"Exp_Total":1234100,"To_Next":90300,"QP":7980},
{"Level":43,"Exp_Total":1324400,"To_Next":94600,"QP":8160},
{"Level":44,"Exp_Total":1419000,"To_Next":99000,"QP":8340},
{"Level":45,"Exp_Total":1518000,"To_Next":103500,"QP":8520},
{"Level":46,"Exp_Total":1621500,"To_Next":108100,"QP":8700},
{"Level":47,"Exp_Total":1729600,"To_Next":112800,"QP":8880},
{"Level":48,"Exp_Total":1842400,"To_Next":117600,"QP":9060},
{"Level":49,"Exp_Total":1960000,"To_Next":122500,"QP":9240},
{"Level":50,"Exp_Total":2082500,"To_Next":127500,"QP":9420},
{"Level":51,"Exp_Total":2210000,"To_Next":132600,"QP":9600},
{"Level":52,"Exp_Total":2342600,"To_Next":137800,"QP":9780},
{"Level":53,"Exp_Total":2480400,"To_Next":143100,"QP":9960},
{"Level":54,"Exp_Total":2623500,"To_Next":148500,"QP":10140},
{"Level":55,"Exp_Total":2772000,"To_Next":154000,"QP":10320},
{"Level":56,"Exp_Total":2926000,"To_Next":159600,"QP":10500},
{"Level":57,"Exp_Total":3085600,"To_Next":165300,"QP":10680},
{"Level":58,"Exp_Total":3250900,"To_Next":171100,"QP":10860},
{"Level":59,"Exp_Total":3422000,"To_Next":177000,"QP":11040},
{"Level":60,"Exp_Total":3599000,"To_Next":183000,"QP":11220},
{"Level":61,"Exp_Total":3782000,"To_Next":189100,"QP":11400},
{"Level":62,"Exp_Total":3871100,"To_Next":195300,"QP":11580},
{"Level":63,"Exp_Total":4166400,"To_Next":201600,"QP":11760},
{"Level":64,"Exp_Total":4368000,"To_Next":208000,"QP":11940},
{"Level":65,"Exp_Total":4576000,"To_Next":214500,"QP":12120},
{"Level":66,"Exp_Total":4790500,"To_Next":221100,"QP":12300},
{"Level":67,"Exp_Total":5011600,"To_Next":227800,"QP":12480},
{"Level":68,"Exp_Total":5239400,"To_Next":234600,"QP":12660},
{"Level":69,"Exp_Total":5474000,"To_Next":241500,"QP":12840},
{"Level":70,"Exp_Total":5715500,"To_Next":248500,"QP":13020},
{"Level":71,"Exp_Total":5964000,"To_Next":255600,"QP":13200},
{"Level":72,"Exp_Total":6219600,"To_Next":262800,"QP":13380},
{"Level":73,"Exp_Total":6482400,"To_Next":270100,"QP":13560},
{"Level":74,"Exp_Total":6752500,"To_Next":277500,"QP":13740},
{"Level":75,"Exp_Total":7030000,"To_Next":285000,"QP":13920},
{"Level":76,"Exp_Total":7315000,"To_Next":292600,"QP":14100},
{"Level":77,"Exp_Total":7607600,"To_Next":300300,"QP":14280},
{"Level":78,"Exp_Total":7907900,"To_Next":308100,"QP":14460},
{"Level":79,"Exp_Total":8216000,"To_Next":316000,"QP":14640},
{"Level":80,"Exp_Total":8532000,"To_Next":324000,"QP":14820},
{"Level":81,"Exp_Total":8856000,"To_Next":332100,"QP":15000},
{"Level":82,"Exp_Total":9188100,"To_Next":340300,"QP":15180},
{"Level":83,"Exp_Total":9528400,"To_Next":348600,"QP":15360},
{"Level":84,"Exp_Total":9877000,"To_Next":357000,"QP":15540},
{"Level":85,"Exp_Total":10234000,"To_Next":365500,"QP":15720},
{"Level":86,"Exp_Total":10599500,"To_Next":374100,"QP":15900},
{"Level":87,"Exp_Total":10973600,"To_Next":382300,"QP":16080},
{"Level":88,"Exp_Total":11356400,"To_Next":391600,"QP":16260},
{"Level":89,"Exp_Total":11748000,"To_Next":400500,"QP":16440},
{"Level":90,"Exp_Total":12148500,"To_Next":418500,"QP":16620},
{"Level":91,"Exp_Total":12567000,"To_Next":454900,"QP":16800},
{"Level":92,"Exp_Total":13021900,"To_Next":510000,"QP":16980},
{"Level":93,"Exp_Total":13531900,"To_Next":548500,"QP":17160},
{"Level":94,"Exp_Total":14116400,"To_Next":678500,"QP":17340},
{"Level":95,"Exp_Total":14794900,"To_Next":792500,"QP":17520},
{"Level":96,"Exp_Total":15587400,"To_Next":926900,"QP":17700},
{"Level":97,"Exp_Total":16514300,"To_Next":1082100,"QP":17880},
{"Level":98,"Exp_Total":17596400,"To_Next":1258500,"QP":18060},
{"Level":99,"Exp_Total":18854900,"To_Next":1456500,"QP":18240},
{"Level":100,"Exp_Total":20311400,"To_Next":null,"QP":null}]
