[{"saName":"100 degrees Calcium","fgoName":"CalcSA","friendId":"087-076-171"},{"saName":"A Bystander","fgoName":"Kuroda","friendId":"027-233-520","servantSupportList":"Ed Boy, Altera, Emiya, Cu Classic, Grailed Ushi, Waver, Carmilla, and Vlad","note":"I'm @Somebody on Discord"},{"saName":"A Cup Of Ramen","fgoName":"Flame","friendId":"911-616-119","servantSupportList":"https://cdn.discordapp.com/attachments/425437454129037313/432476992710115328/Screenshot_20180408-194812.png"},{"saName":"a kitten","fgoName":"Cedar <SA>","friendId":"441-709-793","servantSupportList":"Tamamo Cat, Tamamo no Mae, Vlad, Gil, Nero Bride, Waver "},{"saName":"ACES CURE PLANES","fgoName":"ACES","friendId":"503-570-070"},{"saName":"Aekei","fgoName":"Andy","friendId":"682-036-415"},{"saName":"Aeon","fgoName":"Cherry","friendId":"553-322-053","servantSupportList":"https://i.imgur.com/FCJFZ7Q.png"},{"saName":"AfroSquirrel","fgoName":"Phyress","friendId":"776-804-018"},{"saName":"AirborneNinja","fgoName":"Kasatka SA","friendId":"635-157-328","servantSupportList":"https://i.imgur.com/UgOw4ZW.jpg"},{"saName":"Alard","fgoName":"Alard","friendId":"585-501-811","servantSupportList":"https://i.imgur.com/GhK8vFZ.png"},{"saName":"Alien Rope Burn","fgoName":"Jules","friendId":"446-306-038","servantSupportList":"https://www.dropbox.com/s/t8lo9cxssjtwuwt/FGO%20Friends%204-16-18.png?raw=1","note":"Tops: Okita (100/10/4/4), Waver (90/5/5/8), Lancelot (80/6/8 )"},{"saName":"apple orchard of dreams","fgoName":"Goggy","friendId":"296-024-674","servantSupportList":"Jalter, Okita, EMIYA, Brynhild, Astolfo, Waver, Ryougi Shiki, Cu Chulainn (Alter)","note":"Line up changes depending on event"},{"saName":"Argas","fgoName":"Eskra","friendId":"297-456-347"},{"saName":"Argona","fgoName":"Argona","friendId":"889-235-369","servantSupportList":"Jalter, Np4 Altera, Emiya, Shisou, Santa Alter, Nursery Rhyme, Jack, Herc"},{"saName":"Ashsaber","fgoName":"Harry","friendId":"018-233-170","servantSupportList":"Jalter, Np4 Altera, Emiya, Shisou, Np5 Marie, Waver, Jack, Herc"},{"saName":"astr0man","fgoName":"Astroman SA","friendId":"058-130-336","servantSupportList":"https://i.imgur.com/SiDk6r7.png"},{"saName":"AtheistMantis","fgoName":"RGlaive (SA)","friendId":"215-584-442","servantSupportList":"https://imgur.com/bYIRgzt.jpg"},{"saName":"Badingading","fgoName":"Evelyn","friendId":"234-611-617","servantSupportList":"https://i.imgur.com/LBJRAjV.png"},{"saName":"Banned","fgoName":"Hierophant","friendId":"862-308-464","servantSupportList":"NP2 Dantes, Bride, NP2 Scath, Drake, Shiki, Herc, NP3 EMIYA","note":"(lineup may change)"},{"saName":"Belgian Waffle","fgoName":"Waffleman","friendId":"735-848-477"},{"saName":"Benstar","fgoName":"Pingu SA","friendId":"665-962-115","servantSupportList":"Jeanne Dark, Nero Bride, Orion (np3), Scatach, Drake, Tamamo, Jack, Cu Alter (np2)"},{"saName":"billzasilver","fgoName":"billzasilver","friendId":"995-887-990","servantSupportList":"https://image.ibb.co/kb6Qd8/IMG_0230.png"},{"saName":"bladeworksmaster","fgoName":"Cadriel","friendId":"304-628-350"},{"saName":"Blhue","fgoName":"Blhue","friendId":"640-642-281"},{"saName":"Blockhouse","fgoName":"Toru","friendId":"158-198-599"},{"saName":"BurningDance","fgoName":"Red","friendId":"005-523-787"},{"saName":"Calde","fgoName":"Calde SA","friendId":"124-526-122","servantSupportList":"https://cdn.discordapp.com/attachments/390647042965241866/432542381716406282/Screenshot_20180408-110733.png"},{"saName":"Captain Keene","fgoName":"Keene <SA>","friendId":"674-954-615","servantSupportList":"Okita, Gilgamesh, Scathach, Waver, Cu Alter"},{"saName":"Casual Observer","fgoName":"Eric","friendId":"712-198-818","servantSupportList":"https://cdn.discordapp.com/attachments/328232345327108097/432579870350901258/IMG_0006.PNG"},{"saName":"CatelynIsAZombie","fgoName":"AznMom420","friendId":"463-173-572"},{"saName":"Ceramics","fgoName":"Ceramics","friendId":"090-387-451"},{"saName":"Clawtopsy","fgoName":"❤ KIRA QUEEN ❤","friendId":"678-365-940","servantSupportList":"https://i.imgur.com/S1PM8jC.png"},{"saName":"Compendium","fgoName":"Reina","friendId":"776-139-705"},{"saName":"cpaf","fgoName":"Thinking","friendId":"979-337-055","servantSupportList":"\nhttps://i.imgur.com/c6dDuuI.jpg"},{"saName":"Crabber","fgoName":"Dingus","friendId":"095-198-237","servantSupportList":"Jeanne, Jeanne Alter, Waver, Vlad"},{"saName":"Crasical","fgoName":"Crasical","friendId":"724-264-873"},{"saName":"Cuntellectual","fgoName":"Manah","friendId":894341755,"servantSupportList":"Jalter (96), Sanzang, Raikou"},{"saName":"cyxx","fgoName":"Tanyao SA","friendId":"751-565-753","servantSupportList":"https://vignette.wikia.nocookie.net/fategrandorder/images/2/29/NobunagaAF.png/revision/latest?cb=20180401092919"},{"saName":"Daraken","fgoName":"DarakenSA","friendId":"809-860-316"},{"saName":"DarkFact","fgoName":"DarkFact","friendId":"197-734-658"},{"saName":"Decus","fgoName":"Luke","friendId":"122-097-694"},{"saName":"Dee Ehm","fgoName":"Myra","friendId":"334-415-964"},{"saName":"Dj Meow Mix","fgoName":"Tsuko SA","friendId":"631-434-349"},{"saName":"doomfunk","fgoName":"doomfunk","friendId":"026-596-702","servantSupportList":"https://imgur.com/OhqvPcG.jpg"},{"saName":"Dragonturtle","fgoName":"Agri","friendId":"845-687-173"},{"saName":"drmaniac","fgoName":"drmaniac","friendId":"133-520-867"},{"saName":"Eeepies","fgoName":"Eeepies SA","friendId":"067-712-190","servantSupportList":"Euryale (80) (NP5), Nightingale (80+) (NP1)"},{"saName":"Eight-Six","fgoName":"HachiSA","friendId":"562-019-008"},{"saName":"emormu","fgoName":"Emormu","friendId":"922-562-512"},{"saName":"Epic Fat Guy VIds","fgoName":"Lazlo (Arakh)","friendId":"560-565-603"},{"saName":"Escape Mechanism","fgoName":"Escape","friendId":"556-592-790"},{"saName":"Exia","fgoName":"Save4DaVinci","friendId":"493-372-262","servantSupportList":"https://i.imgur.com/nsLOcjJ.jpg"},{"saName":"Fenrir","fgoName":"Kataja","friendId":"756-791-605"},{"saName":"FeralWraith","fgoName":"FeralSA","friendId":"299-372-407"},{"saName":"Fish Cake","fgoName":"Fishcake","friendId":"544-707-009","servantSupportList":"https://i.imgur.com/6z4HCpi.png"},{"saName":"Flappy Bert","fgoName":"KeoSA","friendId":"195-141-238","servantSupportList":"https://i.imgur.com/NfD3HiO.jpg","note":"shiki"},{"saName":"Flimf","fgoName":"Bugfight SA","friendId":"157-971-559"},{"saName":"FZeroRacer","fgoName":"Lufia","friendId":"817-505-035","servantSupportList":"https://i.imgur.com/XrFwbPh.png"},{"saName":"Galaga Galaxian","fgoName":"Galaga SA","friendId":"340-733-980","servantSupportList":"https://i.imgur.com/pA9E5yY.jpg"},{"saName":"geektox","fgoName":"Alpheya","friendId":"506-682-604"},{"saName":"Gentleman Owl","fgoName":"MicratheneSA","friendId":"074-822-020"},{"saName":"GlenQuagmire","fgoName":"Reverie","friendId":"726-136-735","servantSupportList":"https://i.imgur.com/rslKCP5.png","note":"<:sader:381115972075126784>"},{"saName":"Gloomy Rube","fgoName":"Gloomy Rube","friendId":"030-500-853","servantSupportList":"https://i.imgur.com/cpr5BVq.jpg"},{"saName":"GodofDiscord","fgoName":"DiskyFrisbee","friendId":"642-974-404"},{"saName":"Gologle","fgoName":"Franz","friendId":"669-622-018","servantSupportList":"https://i.imgur.com/HGJPTvm.jpg"},{"saName":"Grausherra","fgoName":"Darkness SA","friendId":"557-223-499"},{"saName":"Green Tea Erotica","fgoName":"Pepper","friendId":"384-651-617","servantSupportList":"https://i.imgur.com/c0qhhkf.jpg","note":"Vlad moves to Zerk spot occasionally as All Slot Changes"},{"saName":"GSD","fgoName":"GSD","friendId":"037-110-179","servantSupportList":"https://i.imgur.com/bN6PfKY.jpg"},{"saName":"gwrtheyrn","fgoName":"gwrtheyrnSA","friendId":"542-913-878"},{"saName":"Gyra Solune","fgoName":"Gyra","friendId":575469141,"servantSupportList":"https://i.imgur.com/pTwGoRV.png","note":"other Casters on request, but lol people using not-waver casters"},{"saName":"halokiller","fgoName":"Aegea","friendId":"815-444-398"},{"saName":"happynoodle","fgoName":"Onorai SA","friendId":"368-140-540","servantSupportList":"https://cdn.discordapp.com/attachments/328232345327108097/430025015665098764/image.png"},{"saName":"Haroshia","fgoName":"Haro","friendId":"774-186-376","servantSupportList":"https://i.imgur.com/r6JwwEu.jpg","note":"10/5/4 NP2 Berc, 10/5/10 Waver, 10/4/8 Salter, 7/4/10 Jalter.  I like skills"},{"saName":"Hateheh","fgoName":"Tomohawk","friendId":"061-433-488","servantSupportList":"https://i.imgur.com/jlAF6oa.jpg"},{"saName":"HGH","fgoName":"HGH","friendId":"897-240-451","servantSupportList":"Mordred, EMIYA, Jack, Heracles"},{"saName":"Honest Ray","fgoName":"Raymond","friendId":"410-090-356"},{"saName":"infelphira","fgoName":"Infel","friendId":"413-637-380","servantSupportList":"https://i.imgur.com/nPGtsxe.jpg","note":"im just a sweet summer child"},{"saName":"InfinityComplex","fgoName":"Cipher","friendId":"128-521-110","servantSupportList":"https://i.imgur.com/GTSuXw3.png","note":"<:tomoe:414658007025057792> Hello, I don't do much on NA "},{"saName":"J.A.B.C.","fgoName":"SquidRadio","friendId":258283283,"servantSupportList":"Jalter (80), Caesar (50), Cu Chulainn (70), Ushi (50) Emiya (54), Irisveil (50)","note":"Hating gatcha rolls and still new to team comps"},{"saName":"Jack Van Burace","fgoName":"Cecilia","friendId":"246-265-650","servantSupportList":"Waver, Jalter, Gilg, Scathach, Drake, Shuten Douji/Jack, Kintoki/Raikou"},{"saName":"Jossar","fgoName":"JossarSA","friendId":"761-956-109","servantSupportList":"https://cdn.discordapp.com/attachments/328226993361649674/459524456096858112/image.png"},{"saName":"Kalion","fgoName":"Kalion SA","friendId":"353-748-396","servantSupportList":"https://i.imgur.com/PdemqB4.jpg","note":"NP2 Orion, NP2 Jack, NP3 Zerkalot"},{"saName":"Kaptain","fgoName":"Sandwich SA","friendId":"001-179-245","servantSupportList":"https://i.imgur.com/gpCQGEO.jpg"},{"saName":"Ketchupface","fgoName":"komaeda","friendId":"245-016-035","servantSupportList":"https://cdn.discordapp.com/attachments/276688439850696704/434604672905642008/2018-04-14_02.41.35.png"},{"saName":"Kiejzar","fgoName":"Kaesar","friendId":"299-727-487"},{"saName":"Kild","fgoName":"Kild","friendId":449250304,"servantSupportList":"Herc."},{"saName":"kirtar","fgoName":"kirtarSA","friendId":"457-830-772","servantSupportList":"https://cdn.discordapp.com/attachments/328232345327108097/434714669836664840/Screenshot_20180414-095916.png","note":"Jeanne/Jalter likely to trade on support slot depending on event"},{"saName":"KoldPT","fgoName":"SA KoldPT","friendId":"586-583-721"},{"saName":"Kumog","fgoName":"Ku","friendId":982753960,"servantSupportList":"NP2 Jeanne, Bride Nero, Tesla, Lancer Alter, Anne/Marie, Tamamo no Mae, REGEND, Vlad","note":"https://i.imgur.com/JBiIU0b.png"},{"saName":"Largepotato","fgoName":"Largepotato","friendId":"579-126-012"},{"saName":"Ledgy","fgoName":"L'edgy","friendId":"431-639-251","servantSupportList":"https://i.imgur.com/JRTB7ww.jpg","note":"General team, but of course I switch during events"},{"saName":"LibrarianCroaker","fgoName":"Krisslona","friendId":"624-827-470","servantSupportList":"https://i.imgur.com/5wTMcLr.jpg"},{"saName":"LIMBO KING","fgoName":"Red","friendId":"315-100-016"},{"saName":"Little Abigail","fgoName":"Abigail SA","friendId":"054-338-531","servantSupportList":"https://i.imgur.com/B1cxoLI.jpg"},{"saName":"little_firebird","fgoName":"Kagu","friendId":"364-611-659","servantSupportList":"https://cdn.discordapp.com/attachments/328232345327108097/446241870046035968/Screenshot_20180516-042438.png"},{"saName":"LordKoth","fgoName":"Koth","friendId":"261-707-656"},{"saName":"Lt. Lizard","fgoName":"Lizard","friendId":"470-391-367"},{"saName":"Lurks With Wolves","fgoName":"Quinn","friendId":"809-192-742"},{"saName":"Lynkericious","fgoName":"Medina","friendId":"557-586-398","servantSupportList":"https://i.imgur.com/b0P3YCH.jpg","note":"Will update with regular CE's when event is done."},{"saName":"Majinfefnir13","fgoName":"Raiana","friendId":"832-456-618"},{"saName":"Marathon Stairmaster Sesh","fgoName":"DaleGribble","friendId":"572-278-461","note":"Jalter; changes support based on events; bad with money and often whales for specific event servants if motivated."},{"saName":"Marin Karin","fgoName":"Xofi","friendId":"087-519-887"},{"saName":"Marogareh","fgoName":"BIG BOSS","friendId":"349-871-746","servantSupportList":"https://imgur.com/ZJ9gQaA.jpg"},{"saName":"Mason Dixon","fgoName":"DarkSun","friendId":"201-990-303","servantSupportList":"https://i.imgur.com/K1h4vj5.png"},{"saName":"Miltith75","fgoName":"Charlie SA","friendId":"517-578-508"},{"saName":"MisterSithums","fgoName":"Sithums","friendId":"862-460-915"},{"saName":"Monster Mash","fgoName":"ephekt","friendId":"704-008-944"},{"saName":"Motto","fgoName":"Motto","friendId":"836-400-554","servantSupportList":"https://pbs.twimg.com/media/DazVfQcW0AE6tS4.jpg","note":"Okita, Altria, Tesla, Liz, Santa Alter, Tamamo, Shiki, Herc"},{"saName":"MotU","fgoName":"Brando","friendId":"604-607-450","servantSupportList":"https://i.imgur.com/Tb9dtQf.png"},{"saName":"muscle witch","fgoName":"happychan","friendId":"666-459-588","servantSupportList":"https://cdn.discordapp.com/attachments/328226993361649674/429901112917622794/image.png"},{"saName":"Nakar","fgoName":"Hamartia","friendId":"365-275-704","servantSupportList":"https://i.imgur.com/qQl6No4.png","note":"NP2: Rama; NP3: Iskandar; NP5: Kiritsugu, Lancelot"},{"saName":"Nate RFB","fgoName":"NateRFB <SA>","friendId":"889-199-232","servantSupportList":"https://i.imgur.com/EcMUKz0.jpg"},{"saName":"Nyaa","fgoName":"Nyaa","friendId":"671-324-625"},{"saName":"Nyarlabaoth","fgoName":"Excalibanana","friendId":"486-141-480","servantSupportList":"https://i.imgur.com/hdBPNAT.jpg"},{"saName":"OddObserver","fgoName":"OddObserver","friendId":"951-862-933"},{"saName":"Oh Snapple!","fgoName":"Faran","friendId":"405-183-749"},{"saName":"Ohtsam","fgoName":"OhtsamSA","friendId":"223-656-742","servantSupportList":"https://cdn.discordapp.com/attachments/328232345327108097/442446755225796638/image.png"},{"saName":"Overlord K","fgoName":"Edward","friendId":"847-831-727"},{"saName":"phbr","fgoName":"phiber","friendId":"164-256-990","servantSupportList":"https://i.imgur.com/xk3nBVD.jpg","note":"current as of 05/12/18"},{"saName":"PlasticAutomaton","fgoName":"Artemis","friendId":"376-593-869","servantSupportList":"Jannu, :goodciv: Tesla, Bryn, Drake, :mikon: Shiki, Herc"},{"saName":"Plutonis","fgoName":"Gudaplu","friendId":"573-501-479","servantSupportList":"Jeanne Alter, Altera, Gilgamesh, Scathach, Santa Alter, Nursery Rhyme, Shiki, Heracles","note":"NP2 Jalter and Herc"},{"saName":"Poncho","fgoName":"Dipstick","friendId":"831-467-251","servantSupportList":"https://i.imgur.com/qVtIvJn.jpg"},{"saName":"Pumpkinreaper","fgoName":"IAMCRAIG","friendId":"387-729-915"},{"saName":"PunkBoy","fgoName":"PunkBoy","friendId":"412-122-110","servantSupportList":"https://i.imgur.com/evELlL3.png"},{"saName":"Pureauthor","fgoName":"Faye","friendId":"944-020-782","servantSupportList":"https://i.imgur.com/9c9IYqd.jpg"},{"saName":"Raenir Salazar","fgoName":"Liriael","friendId":"066-792-536","servantSupportList":"https://i.imgur.com/pgxpKOW.jpg","note":"Come to me Abigail! You too Hokusai!"},{"saName":"Raften","fgoName":"Smiler","friendId":"568-513-331"},{"saName":"Retcon","fgoName":"Misery","friendId":"733-520-714","servantSupportList":"https://i.imgur.com/dcvNfVP.png","note":"Also have Bryn, NP3 Helena and NP2 SAlter that I switch in"},{"saName":"Riftling","fgoName":"Seril SA","friendId":"288-701-225"},{"saName":"Ripley","fgoName":"Tristan","friendId":"044-041-316"},{"saName":"Robviously","fgoName":"Yorokobe Ojo","friendId":"444-048-721"},{"saName":"RuanGacho","fgoName":"Ruan","friendId":"206-815-452"},{"saName":"SaffronKit","fgoName":"Evil Kit","friendId":"515-474-725","servantSupportList":"https://cdn.discordapp.com/attachments/328259707833810945/456207842819440640/64222891_p0_master1200.png"},{"saName":"Samba De Amigo","fgoName":"Samba","friendId":"055-745-820"},{"saName":"Sangerz","fgoName":"Sangerz","friendId":"553-170-050"},{"saName":"SC Bracer","fgoName":"SC","friendId":"946-514-869","servantSupportList":"Jalter NP2, Lily, Emiya, Cu, Santa, Waver, Shiki, Cu Alter"},{"saName":"Schneider Heim","fgoName":"Borjarnon","friendId":"313-359-638"},{"saName":"Sefal","fgoName":"Sissel SA","friendId":"363-219-346","servantSupportList":"https://i.imgur.com/BdS4mDT.jpg","note":"0 days have passed since i last whaled"},{"saName":"Seishi","fgoName":"Seishi","friendId":"385-324-435"},{"saName":"SennyYak","fgoName":"Sakaki SA","friendId":"827-316-360"},{"saName":"Shaiapouf","fgoName":"Shaiapouf","friendId":"001-926-936","servantSupportList":"https://imgur.com/a/FqYt7"},{"saName":"Shineix","fgoName":"Shineix","friendId":"059-887-798"},{"saName":"Shingouryu","fgoName":"SA Shinryu","friendId":"076-209-843"},{"saName":"Shinjobi","fgoName":"Shinjobi","friendId":"057-845-730"},{"saName":"Shiny777","fgoName":"Shiny","friendId":"689-911-373","servantSupportList":"https://i.imgur.com/lUbMeI4.png","note":"Pictured as it is between events."},{"saName":"Sodium Chloride","fgoName":"Celeste","friendId":"457-523-870","servantSupportList":"https://i.imgur.com/6oVRCWh.png","note":"Also have Artoria and Vlad (np2)"},{"saName":"Solovey","fgoName":"Valya","friendId":"703-773-648"},{"saName":"Space Flower","fgoName":"spessflour","friendId":"036-978-921"},{"saName":"SpaceDrake","fgoName":"Ritsuko","friendId":"717-400-907"},{"saName":"Staticpulse","fgoName":"Staticpulse","friendId":"876-565-844","servantSupportList":"https://i.imgur.com/9EGSAX6.jpg","note":"General line up save for Stheno being there.  Lancer spot may rotate between Scath/Bryn/LAltria"},{"saName":"Suaimhneas","fgoName":"SASuaimhneas","friendId":"080-053-533","servantSupportList":"https://i.imgur.com/2rNo6qn.jpg"},{"saName":"suicidepacmen","fgoName":"Nazrin","friendId":"572-256-924"},{"saName":"Surprinsgly Bitter","fgoName":"Briller","friendId":"396-334-247","servantSupportList":"https://i.imgur.com/dYAiKHI.png","note":"Big Cuzilla, max Waver, big Lalter"},{"saName":"Taciturn Tactician","fgoName":"Max","friendId":"952-515-536","servantSupportList":"https://i.imgur.com/6FjP5Dz.jpg"},{"saName":"Tae","fgoName":"Dandy","friendId":332645835,"servantSupportList":"https://lpix.org/3152493/rQ8YCcE.png"},{"saName":"TaranWanderer","fgoName":"Taran","friendId":"846-450-924"},{"saName":"Teslavi","fgoName":"Coil","friendId":"567-431-985"},{"saName":"TFLlama","fgoName":"Llama SA","friendId":"663-245-927","servantSupportList":"https://i.imgur.com/lOcfjA9.png","note":"Jeanne and Artoria occasionally at all and Saber respectively"},{"saName":"thark","fgoName":"thark","friendId":"746-817-553","servantSupportList":"https://i.imgur.com/dfoHn2P.png"},{"saName":"ThatDaveFella","fgoName":"SA Wytes","friendId":"042-475-736"},{"saName":"the_steve","fgoName":"Stigrbrand","friendId":"455-059-060","servantSupportList":"https://tinyurl.com/y77kg9tr","note":"Jalter/Okita/Emiya/Scathach/Medusa/Caster Liz/Shiki/Heracles"},{"saName":"TheFireMagi","fgoName":"Magi","friendId":"794-840-535","servantSupportList":"https://i.imgur.com/Wvpl0zY.png"},{"saName":"TheFluff","fgoName":"HanxueSA","friendId":"863-758-316","servantSupportList":"https://i.imgur.com/JyLWynt.jpg"},{"saName":"thejacob","fgoName":"Shep","friendId":"407-671-937"},{"saName":"Thuryl","fgoName":"Ruby","friendId":"251-723-281","servantSupportList":"https://i.imgur.com/d1haDdu.jpg"},{"saName":"Tired Moritz","fgoName":"Rittz (SA)","friendId":"836-916-041"},{"saName":"tokomon","fgoName":"Manteo","friendId":"850-520-742","servantSupportList":"https://i.imgur.com/VT8axfD.png","note":"(line up may change, I'll try to keep it updated)"},{"saName":"Toph Bei Fong","fgoName":"Toph","friendId":"130-976-120"},{"saName":"True Blue Triumph","fgoName":"Lulubelle SA","friendId":"519-019-728","servantSupportList":"https://i.imgur.com/4OUKnWj.png"},{"saName":"Tsurupettan","fgoName":"Prime","friendId":"053-647-338"},{"saName":"TwilliK","fgoName":"Twill","friendId":"505-751-492","servantSupportList":"https://i.imgur.com/6BHDte8.jpg"},{"saName":"uchihahirou","fgoName":"Omiko <SA>","friendId":"658-976-894","servantSupportList":"https://cdn.discordapp.com/attachments/328232345327108097/455140612539154434/unknown.png"},{"saName":"Unusual","fgoName":"Unusual","friendId":"388-030-787"},{"saName":"Velyoukai","fgoName":"Velyoukai SA","friendId":"891-777-352","servantSupportList":"https://i.imgur.com/a5u7122.png"},{"saName":"Vengarr","fgoName":"Venja","friendId":"301-289-218"},{"saName":"VgameT","fgoName":"Boss","friendId":"053-849-515","servantSupportList":"https://i.imgur.com/FTfqIkKh.jpg"},{"saName":"Vorless","fgoName":"Vorless","friendId":"809-901-936","servantSupportList":"https://i.imgur.com/wxtD15h.png"},{"saName":"WT_Fits","fgoName":"W.T. Fits","friendId":"688-761-063","servantSupportList":"Amakusa, Salter (NP5), Orion, Karna, Drake (NP2), Tamamo, Jack (NP2), Heracles (NP4)"},{"saName":"Wuxi","fgoName":"Wuxi","friendId":602209100,"servantSupportList":"F2P cards only"},{"saName":"xsin","fgoName":"xsin","friendId":"007-546-449"},{"saName":"YamataNoOrochi","fgoName":"Broken","friendId":"386-806-149","servantSupportList":"https://i.imgur.com/yyq5O2B.jpg"},{"saName":"Zeron","fgoName":"ZeronSA","friendId":"951-591-641","servantSupportList":"https://i.imgur.com/rNaEk1s.jpg","note":"NP2: Jalter, Drake, Heracles, Nursery Rhyme"},{"saName":"ZiegeDame","fgoName":"Ziege","friendId":"703-068-838"},{"saName":"Zoness","fgoName":"ZonesSA","friendId":"019-751-169","servantSupportList":"https://i.imgur.com/vUwSrX1.jpg"}]