[{"Item":"Proof of Hero","Number":1,"Area":"Okeanos","Quest":"Pirate Ship","AP_per_Run":12,"BP_AP":34.9,"AP_per_Drop":20.1,"Drop_Chance":59.7,"Image":"https://cirnopedia.org/fate-go/icons/item/item_009.png"},
{"Item":"Proof of Hero","Number":2,"Area":"Orleans","Quest":"Marseille","AP_per_Run":7,"BP_AP":31.3,"AP_per_Drop":23.8,"Drop_Chance":29.5,"Image":"https://cirnopedia.org/fate-go/icons/item/item_009.png"},
{"Item":"Proof of Hero","Number":3,"Area":"E Pluribus Unum","Quest":"Dallas","AP_per_Run":17,"BP_AP":43.8,"AP_per_Drop":25,"Drop_Chance":67.9,"Image":"https://cirnopedia.org/fate-go/icons/item/item_009.png"},
{"Item":"Proof of Hero","Number":4,"Area":"Okeanos","Quest":"Pirate Island","AP_per_Run":13,"BP_AP":34.1,"AP_per_Drop":25.3,"Drop_Chance":51.4,"Image":"https://cirnopedia.org/fate-go/icons/item/item_009.png"},
{"Item":"Proof of Hero","Number":5,"Area":"E Pluribus Unum","Quest":"Montgomery","AP_per_Run":18,"BP_AP":44.1,"AP_per_Drop":28.7,"Drop_Chance":62.7,"Image":"https://cirnopedia.org/fate-go/icons/item/item_009.png"},
{"Item":"Evil Bone","Number":1,"Area":"Fuyuki","Quest":"Unknown Coordinates X-C","AP_per_Run":4,"BP_AP":23.4,"AP_per_Drop":21.7,"Drop_Chance":18.4,"Image":"https://cirnopedia.org/fate-go/icons/item/item_022.png"},
{"Item":"Evil Bone","Number":2,"Area":"Fuyuki","Quest":"Unknown Coordinates X-G","AP_per_Run":15,"BP_AP":37.9,"AP_per_Drop":23.6,"Drop_Chance":63.5,"Image":"https://cirnopedia.org/fate-go/icons/item/item_022.png"},
{"Item":"Evil Bone","Number":3,"Area":"Fuyuki","Quest":"Unknown Coordinates X-D","AP_per_Run":4,"BP_AP":29.7,"AP_per_Drop":24.7,"Drop_Chance":20.2,"Image":"https://cirnopedia.org/fate-go/icons/item/item_022.png"},
{"Item":"Evil Bone","Number":4,"Area":"Fuyuki","Quest":"Unknown Coordinates X-B","AP_per_Run":4,"BP_AP":23.4,"AP_per_Drop":26.5,"Drop_Chance":15.1,"Image":"https://cirnopedia.org/fate-go/icons/item/item_022.png"},
{"Item":"Evil Bone","Number":5,"Area":"Fuyuki","Quest":"Unknown Coordinates X-E","AP_per_Run":5,"BP_AP":28.8,"AP_per_Drop":27.6,"Drop_Chance":18.1,"Image":"https://cirnopedia.org/fate-go/icons/item/item_022.png"},
{"Item":"Dragon Fang","Number":1,"Area":"E Pluribus Unum","Quest":"Deming","AP_per_Run":17,"BP_AP":43.8,"AP_per_Drop":27.4,"Drop_Chance":62.1,"Image":"https://cirnopedia.org/fate-go/icons/item/item_018.png"},
{"Item":"Dragon Fang","Number":2,"Area":"Okeanos","Quest":"Island of Wyverns","AP_per_Run":14,"BP_AP":38.8,"AP_per_Drop":27.7,"Drop_Chance":50.6,"Image":"https://cirnopedia.org/fate-go/icons/item/item_018.png"},
{"Item":"Dragon Fang","Number":3,"Area":"Babylonia","Quest":"Eridu","AP_per_Run":21,"BP_AP":47.3,"AP_per_Drop":31.9,"Drop_Chance":65.8,"Image":"https://cirnopedia.org/fate-go/icons/item/item_018.png"},
{"Item":"Dragon Fang","Number":4,"Area":"Okeanos","Quest":"Mapped Island","AP_per_Run":13,"BP_AP":36.1,"AP_per_Drop":34.3,"Drop_Chance":37.9,"Image":"https://cirnopedia.org/fate-go/icons/item/item_018.png"},
{"Item":"Dragon Fang","Number":5,"Area":"Agartha","Quest":"Jungle at the Foothills","AP_per_Run":21,"BP_AP":48.5,"AP_per_Drop":42.4,"Drop_Chance":49.5,"Image":"https://cirnopedia.org/fate-go/icons/item/item_018.png"},
{"Item":"Void's Dust","Number":1,"Area":"E Pluribus Unum","Quest":"Charlotte","AP_per_Run":20,"BP_AP":47.2,"AP_per_Drop":31.3,"Drop_Chance":63.9,"Image":"https://cirnopedia.org/fate-go/icons/item/item_011.png"},
{"Item":"Void's Dust","Number":2,"Area":"Camelot","Quest":"West Village Ruins","AP_per_Run":20,"BP_AP":44.7,"AP_per_Drop":43.7,"Drop_Chance":45.8,"Image":"https://cirnopedia.org/fate-go/icons/item/item_011.png"},
{"Item":"Void's Dust","Number":3,"Area":"Septem","Quest":"Massilia","AP_per_Run":9,"BP_AP":29.9,"AP_per_Drop":48.9,"Drop_Chance":18.4,"Image":"https://cirnopedia.org/fate-go/icons/item/item_011.png"},
{"Item":"Void's Dust","Number":4,"Area":"E Pluribus Unum","Quest":"Riverton","AP_per_Run":17,"BP_AP":42.3,"AP_per_Drop":51.9,"Drop_Chance":32.8,"Image":"https://cirnopedia.org/fate-go/icons/item/item_011.png"},
{"Item":"Void's Dust","Number":5,"Area":"Götterdämmerung","Quest":"Landing Point","AP_per_Run":20,"BP_AP":48.4,"AP_per_Drop":57.1,"Drop_Chance":35,"Image":"https://cirnopedia.org/fate-go/icons/item/item_011.png"},
{"Item":"Fool's Chain","Number":1,"Area":"Camelot","Quest":"Wastelands of Death","AP_per_Run":19,"BP_AP":45.7,"AP_per_Drop":29.7,"Drop_Chance":64,"Image":"https://cirnopedia.org/fate-go/icons/item/item_151.png"},
{"Item":"Fool's Chain","Number":2,"Area":"Camelot","Quest":"Great Temple","AP_per_Run":22,"BP_AP":50.9,"AP_per_Drop":51.3,"Drop_Chance":42.9,"Image":""},
{"Item":"Fool's Chain","Number":3,"Area":"Salem","Quest":"Quay","AP_per_Run":21,"BP_AP":47.3,"AP_per_Drop":51.5,"Drop_Chance":40.8,"Image":""},
{"Item":"Fool's Chain","Number":4,"Area":"Agartha","Quest":"Northern Palisade","AP_per_Run":21,"BP_AP":47.3,"AP_per_Drop":52.9,"Drop_Chance":39.7,"Image":""},
{"Item":"Fool's Chain","Number":5,"Area":"Agartha","Quest":"Northern Palisade","AP_per_Run":21,"BP_AP":47.3,"AP_per_Drop":52.9,"Drop_Chance":39.7,"Image":""},
{"Item":"Deadly Poisonous Needle","Number":1,"Area":"Babylonia","Quest":"Field of Reeds","AP_per_Run":21,"BP_AP":48.5,"AP_per_Drop":34.1,"Drop_Chance":61.6,"Image":"https://cirnopedia.org/fate-go/icons/item/item_194.png"},
{"Item":"Deadly Poisonous Needle","Number":2,"Area":"Babylonia","Quest":"Plateau","AP_per_Run":20,"BP_AP":48.4,"AP_per_Drop":39,"Drop_Chance":51.3,"Image":""},
{"Item":"Deadly Poisonous Needle","Number":3,"Area":"SIN","Quest":"Neighboring Village","AP_per_Run":20,"BP_AP":48.4,"AP_per_Drop":46.1,"Drop_Chance":43.4,"Image":""},
{"Item":"Deadly Poisonous Needle","Number":4,"Area":"Anastasia","Quest":"Icicles Grotto","AP_per_Run":20,"BP_AP":48.4,"AP_per_Drop":49.2,"Drop_Chance":40.7,"Image":""},
{"Item":"Deadly Poisonous Needle","Number":5,"Area":"Babylonia","Quest":"Northern Wall","AP_per_Run":21,"BP_AP":49.7,"AP_per_Drop":49.4,"Drop_Chance":42.6,"Image":""},
{"Item":"Magic Cerebrospinal Fluid","Number":1,"Area":"Shinjuku","Quest":"Shinjuku Station","AP_per_Run":21,"BP_AP":47.3,"AP_per_Drop":32.2,"Drop_Chance":65.3,"Image":"https://cirnopedia.org/fate-go/icons/item/item_202.png"},
{"Item":"Magic Cerebrospinal Fluid","Number":2,"Area":"Shinjuku","Quest":"Japan National Route 20","AP_per_Run":20,"BP_AP":48.4,"AP_per_Drop":47.9,"Drop_Chance":41.7,"Image":""},
{"Item":"Magic Cerebrospinal Fluid","Number":3,"Area":"Shinjuku","Quest":"Yoyogi 2-chome","AP_per_Run":20,"BP_AP":48.4,"AP_per_Drop":53.3,"Drop_Chance":37.5,"Image":""},
{"Item":"Magic Cerebrospinal Fluid","Number":4,"Area":"Shinjuku","Quest":"Shinjuku 4-chome","AP_per_Run":21,"BP_AP":47.3,"AP_per_Drop":53.8,"Drop_Chance":39.1,"Image":""},
{"Item":"Magic Cerebrospinal Fluid","Number":5,"Area":"Shinjuku","Quest":"Shinjuku Imperial Garden","AP_per_Run":21,"BP_AP":50.9,"AP_per_Drop":68.1,"Drop_Chance":30.8,"Image":""},
{"Item":"Night-Weeping Iron Stake","Number":1,"Area":"Salem","Quest":"Gallow Hill","AP_per_Run":21,"BP_AP":49.7,"AP_per_Drop":30.6,"Drop_Chance":68.7,"Image":"https://i.imgur.com/If1YVv5.png"},
{"Item":"Night-Weeping Iron Stake","Number":2,"Area":"Salem","Quest":"Carter House","AP_per_Run":20,"BP_AP":48.4,"AP_per_Drop":49,"Drop_Chance":40.8,"Image":""},
{"Item":"Night-Weeping Iron Stake","Number":3,"Area":"Salem","Quest":"Vacant House","AP_per_Run":21,"BP_AP":50.9,"AP_per_Drop":50.1,"Drop_Chance":41.9,"Image":""},
{"Item":"Night-Weeping Iron Stake","Number":4,"Area":"Salem","Quest":"Meadows","AP_per_Run":21,"BP_AP":49.7,"AP_per_Drop":51.9,"Drop_Chance":40.5,"Image":""},
{"Item":"Night-Weeping Iron Stake","Number":5,"Area":"Salem","Quest":"Suburb Mansion","AP_per_Run":21,"BP_AP":48.5,"AP_per_Drop":53.2,"Drop_Chance":39.5,"Image":""},
{"Item":"Volatile Gunpowder","Number":1,"Area":"Anastasia","Quest":"Yaga Smolensk","AP_per_Run":20,"BP_AP":48.4,"AP_per_Drop":30.5,"Drop_Chance":65.5,"Image":"https://i.imgur.com/9FKaYCf.png"},
{"Item":"Volatile Gunpowder","Number":2,"Area":"Anastasia","Quest":"Yaga Sychyovka","AP_per_Run":21,"BP_AP":47.3,"AP_per_Drop":51.6,"Drop_Chance":40.7,"Image":""},
{"Item":"Volatile Gunpowder","Number":3,"Area":"Anastasia","Quest":"Devastated Village","AP_per_Run":21,"BP_AP":47.3,"AP_per_Drop":52.7,"Drop_Chance":39.9,"Image":""},
{"Item":"Volatile Gunpowder","Number":4,"Area":"Anastasia","Quest":"Rebellion Army's Stronghold","AP_per_Run":21,"BP_AP":47.3,"AP_per_Drop":53.6,"Drop_Chance":39.2,"Image":""},
{"Item":"Volatile Gunpowder","Number":5,"Area":"Anastasia","Quest":"Yaga Vyazma","AP_per_Run":21,"BP_AP":48.5,"AP_per_Drop":54.4,"Drop_Chance":38.6,"Image":""},
{"Item":"Seed of Yggdrasil","Number":1,"Area":"Babylonia","Quest":"Fallen Babylon","AP_per_Run":20,"BP_AP":48.4,"AP_per_Drop":40.3,"Drop_Chance":49.7,"Image":"https://cirnopedia.org/fate-go/icons/item/item_008.png"},
{"Item":"Seed of Yggdrasil","Number":2,"Area":"Salem","Quest":"Quiet Forest","AP_per_Run":20,"BP_AP":48.4,"AP_per_Drop":43.4,"Drop_Chance":46.1,"Image":"https://cirnopedia.org/fate-go/icons/item/item_008.png"},
{"Item":"Seed of Yggdrasil","Number":3,"Area":"Salem","Quest":"Refuge","AP_per_Run":21,"BP_AP":50.9,"AP_per_Drop":44.4,"Drop_Chance":47.3,"Image":"https://cirnopedia.org/fate-go/icons/item/item_008.png"},
{"Item":"Seed of Yggdrasil","Number":4,"Area":"Shimosa","Quest":"Paddy Fields","AP_per_Run":20,"BP_AP":48.4,"AP_per_Drop":49.4,"Drop_Chance":40.5,"Image":"https://cirnopedia.org/fate-go/icons/item/item_008.png"},
{"Item":"Seed of Yggdrasil","Number":5,"Area":"Agartha","Quest":"Riverside Town","AP_per_Run":20,"BP_AP":48.4,"AP_per_Drop":49.5,"Drop_Chance":40.4,"Image":"https://cirnopedia.org/fate-go/icons/item/item_008.png"},
{"Item":"Ghost Lantern","Number":1,"Area":"Babylonia","Quest":"Kutha","AP_per_Run":21,"BP_AP":49.7,"AP_per_Drop":54.2,"Drop_Chance":38.8,"Image":"https://cirnopedia.org/fate-go/icons/item/item_014.png"},
{"Item":"Ghost Lantern","Number":2,"Area":"Camelot","Quest":"Mausoleum of the Evening Bell","AP_per_Run":19,"BP_AP":47,"AP_per_Drop":57.9,"Drop_Chance":32.8,"Image":"https://cirnopedia.org/fate-go/icons/item/item_014.png"},
{"Item":"Ghost Lantern","Number":3,"Area":"Okeanos","Quest":"Stormy Seas","AP_per_Run":15,"BP_AP":37.9,"AP_per_Drop":67.4,"Drop_Chance":22.2,"Image":"https://cirnopedia.org/fate-go/icons/item/item_014.png"},
{"Item":"Ghost Lantern","Number":4,"Area":"Shimosa","Quest":"Paddy Fields","AP_per_Run":20,"BP_AP":48.4,"AP_per_Drop":77.7,"Drop_Chance":25.7,"Image":"https://cirnopedia.org/fate-go/icons/item/item_014.png"},
{"Item":"Ghost Lantern","Number":5,"Area":"Shimosa","Quest":"Hermitage","AP_per_Run":21,"BP_AP":47.3,"AP_per_Drop":77.8,"Drop_Chance":27,"Image":"https://cirnopedia.org/fate-go/icons/item/item_014.png"},
{"Item":"Octuplet Crystal","Number":1,"Area":"Agartha","Quest":"Peach Blossom Spring","AP_per_Run":21,"BP_AP":47.3,"AP_per_Drop":52.6,"Drop_Chance":40,"Image":"https://cirnopedia.org/fate-go/icons/item/item_021.png"},
{"Item":"Octuplet Crystal","Number":2,"Area":"Camelot","Quest":"Holy City","AP_per_Run":20,"BP_AP":47.2,"AP_per_Drop":73.1,"Drop_Chance":27.4,"Image":"https://cirnopedia.org/fate-go/icons/item/item_021.png"},
{"Item":"Octuplet Crystal","Number":3,"Area":"Shimosa","Quest":"Hill Behind The Hermitage","AP_per_Run":21,"BP_AP":49.7,"AP_per_Drop":86.2,"Drop_Chance":24.4,"Image":"https://cirnopedia.org/fate-go/icons/item/item_021.png"},
{"Item":"Octuplet Crystal","Number":4,"Area":"Götterdämmerung","Quest":"Heroes' Cellar","AP_per_Run":21,"BP_AP":47.3,"AP_per_Drop":89.1,"Drop_Chance":23.6,"Image":"https://cirnopedia.org/fate-go/icons/item/item_021.png"},
{"Item":"Octuplet Crystal","Number":5,"Area":"Okeanos","Quest":"Two-Current Sea","AP_per_Run":14,"BP_AP":37.1,"AP_per_Drop":126.1,"Drop_Chance":11.1,"Image":"https://cirnopedia.org/fate-go/icons/item/item_021.png"},
{"Item":"Serpent Jewel","Number":1,"Area":"Agartha","Quest":"Chasm on The Ground","AP_per_Run":21,"BP_AP":50.9,"AP_per_Drop":55.3,"Drop_Chance":38,"Image":"https://cirnopedia.org/fate-go/icons/item/item_015.png"},
{"Item":"Serpent Jewel","Number":2,"Area":"Babylonia","Quest":"Bog","AP_per_Run":21,"BP_AP":47.3,"AP_per_Drop":79.1,"Drop_Chance":26.5,"Image":"https://cirnopedia.org/fate-go/icons/item/item_015.png"},
{"Item":"Serpent Jewel","Number":3,"Area":"Okeanos","Quest":"Sunken Rock Seas","AP_per_Run":17,"BP_AP":40.8,"AP_per_Drop":107.5,"Drop_Chance":15.8,"Image":"https://cirnopedia.org/fate-go/icons/item/item_015.png"},
{"Item":"Serpent Jewel","Number":4,"Area":"Chaldea Gate (Fri)","Quest":"FRI Caster Training Ground- Nov","AP_per_Run":10,"BP_AP":19.4,"AP_per_Drop":122.1,"Drop_Chance":8.2,"Image":"https://cirnopedia.org/fate-go/icons/item/item_015.png"},
{"Item":"Serpent Jewel","Number":5,"Area":"Chaldea Gate (Fri)","Quest":"FRI Caster Training Ground- Adv","AP_per_Run":30,"BP_AP":19,"AP_per_Drop":134.5,"Drop_Chance":22.3,"Image":"https://cirnopedia.org/fate-go/icons/item/item_015.png"},
{"Item":"Phoenix Feather","Number":1,"Area":"Salem","Quest":"Town Hall","AP_per_Run":21,"BP_AP":47.3,"AP_per_Drop":59,"Drop_Chance":35.6,"Image":"https://cirnopedia.org/fate-go/icons/item/item_007.png"},
{"Item":"Phoenix Feather","Number":2,"Area":"Agartha","Quest":"Subterranean Large River","AP_per_Run":21,"BP_AP":49.7,"AP_per_Drop":70.9,"Drop_Chance":29.6,"Image":"https://cirnopedia.org/fate-go/icons/item/item_007.png"},
{"Item":"Phoenix Feather","Number":3,"Area":"Agartha","Quest":"Riverside Town","AP_per_Run":20,"BP_AP":48.4,"AP_per_Drop":96,"Drop_Chance":20.8,"Image":"https://cirnopedia.org/fate-go/icons/item/item_007.png"},
{"Item":"Phoenix Feather","Number":4,"Area":"Salem","Quest":"Vacant House","AP_per_Run":21,"BP_AP":50.9,"AP_per_Drop":101.4,"Drop_Chance":20.7,"Image":"https://cirnopedia.org/fate-go/icons/item/item_007.png"},
{"Item":"Phoenix Feather","Number":5,"Area":"Salem","Quest":"Quay","AP_per_Run":21,"BP_AP":47.3,"AP_per_Drop":103.1,"Drop_Chance":20.4,"Image":"https://cirnopedia.org/fate-go/icons/item/item_007.png"},
{"Item":"Eternal Gear","Number":1,"Area":"Shinjuku","Quest":"Barrel Tower","AP_per_Run":21,"BP_AP":48.5,"AP_per_Drop":46.4,"Drop_Chance":45.2,"Image":"https://cirnopedia.org/fate-go/icons/item/item_016.png"},
{"Item":"Eternal Gear","Number":2,"Area":"E Pluribus Unum","Quest":"Chicago","AP_per_Run":21,"BP_AP":48.5,"AP_per_Drop":51.4,"Drop_Chance":40.8,"Image":"https://cirnopedia.org/fate-go/icons/item/item_016.png"},
{"Item":"Eternal Gear","Number":3,"Area":"SIN","Quest":"Seeding Point","AP_per_Run":20,"BP_AP":48.4,"AP_per_Drop":63.6,"Drop_Chance":31.5,"Image":"https://cirnopedia.org/fate-go/icons/item/item_016.png"},
{"Item":"Eternal Gear","Number":4,"Area":"SIN","Quest":"Shiquan Gorge","AP_per_Run":21,"BP_AP":49.7,"AP_per_Drop":68.2,"Drop_Chance":30.8,"Image":"https://cirnopedia.org/fate-go/icons/item/item_016.png"},
{"Item":"Eternal Gear","Number":5,"Area":"London","Quest":"Clerkenwell","AP_per_Run":18,"BP_AP":45.5,"AP_per_Drop":68.6,"Drop_Chance":26.2,"Image":"https://cirnopedia.org/fate-go/icons/item/item_016.png"},
{"Item":"Forbidden Page","Number":1,"Area":"Shinjuku","Quest":"Shinjuku 2-chome","AP_per_Run":21,"BP_AP":50.9,"AP_per_Drop":67.3,"Drop_Chance":31.2,"Image":"https://cirnopedia.org/fate-go/icons/item/item_017.png"},
{"Item":"Forbidden Page","Number":2,"Area":"London","Quest":"Hyde Park","AP_per_Run":20,"BP_AP":45.9,"AP_per_Drop":74.1,"Drop_Chance":27,"Image":"https://cirnopedia.org/fate-go/icons/item/item_017.png"},
{"Item":"Forbidden Page","Number":3,"Area":"Chaldea Gate (Fri)","Quest":"FRI Caster Training Ground- Adv","AP_per_Run":30,"BP_AP":19,"AP_per_Drop":194.8,"Drop_Chance":15.4,"Image":""},
{"Item":"Forbidden Page","Number":4,"Area":"Chaldea Gate (Fri)","Quest":"FRI Caster Training Ground- Exp","AP_per_Run":40,"BP_AP":20.5,"AP_per_Drop":195.7,"Drop_Chance":20.4,"Image":""},
{"Item":"Forbidden Page","Number":5,"Area":"Chaldea Gate (Fri)","Quest":"FRI Caster Training Ground- Int","AP_per_Run":20,"BP_AP":19.1,"AP_per_Drop":208.3,"Drop_Chance":9.6,"Image":""},
{"Item":"Homunculus Baby","Number":1,"Area":"Salem","Quest":"Whateley House","AP_per_Run":21,"BP_AP":48.5,"AP_per_Drop":50.1,"Drop_Chance":41.9,"Image":"https://cirnopedia.org/fate-go/icons/item/item_020.png"},
{"Item":"Homunculus Baby","Number":2,"Area":"London","Quest":"Southwark","AP_per_Run":19,"BP_AP":45.7,"AP_per_Drop":62.4,"Drop_Chance":30.4,"Image":"https://cirnopedia.org/fate-go/icons/item/item_020.png"},
{"Item":"Homunculus Baby","Number":3,"Area":"London","Quest":"Westminster","AP_per_Run":16,"BP_AP":38.7,"AP_per_Drop":123.1,"Drop_Chance":13,"Image":"https://cirnopedia.org/fate-go/icons/item/item_020.png"},
{"Item":"Homunculus Baby","Number":4,"Area":"London","Quest":"City of London","AP_per_Run":15,"BP_AP":39.6,"AP_per_Drop":127.1,"Drop_Chance":11.8,"Image":"https://cirnopedia.org/fate-go/icons/item/item_020.png"},
{"Item":"Homunculus Baby","Number":5,"Area":"Chaldea Gate (Tue)","Quest":"TUE Lancer Training Ground- Adv","AP_per_Run":30,"BP_AP":19,"AP_per_Drop":168.5,"Drop_Chance":17.8,"Image":""},
{"Item":"Meteor Horseshoe","Number":1,"Area":"Camelot","Quest":"Land of the Void","AP_per_Run":22,"BP_AP":49.7,"AP_per_Drop":48.9,"Drop_Chance":45,"Image":"https://cirnopedia.org/fate-go/icons/item/item_019.png"},
{"Item":"Meteor Horseshoe","Number":2,"Area":"Okeanos","Quest":"Caldera Island","AP_per_Run":17,"BP_AP":43.8,"AP_per_Drop":131.5,"Drop_Chance":12.9,"Image":""},
{"Item":"Meteor Horseshoe","Number":3,"Area":"Chaldea Gate (Thu)","Quest":"THU Rider Training Ground- Int","AP_per_Run":20,"BP_AP":19.1,"AP_per_Drop":189.3,"Drop_Chance":10.6,"Image":""},
{"Item":"Meteor Horseshoe","Number":4,"Area":"Chaldea Gate (Thu)","Quest":"THU Rider Training Ground- Exp","AP_per_Run":40,"BP_AP":20.5,"AP_per_Drop":195.3,"Drop_Chance":20.5,"Image":""},
{"Item":"Meteor Horseshoe","Number":5,"Area":"Chaldea Gate (Mon)","Quest":"MON Archer Training Ground- Int","AP_per_Run":20,"BP_AP":19.1,"AP_per_Drop":195.6,"Drop_Chance":10.2,"Image":""},
{"Item":"Great Knight Medal","Number":1,"Area":"Camelot","Quest":"Royal Castle","AP_per_Run":21,"BP_AP":50.9,"AP_per_Drop":56.7,"Drop_Chance":37,"Image":"https://cirnopedia.org/fate-go/icons/item/item_153.png"},
{"Item":"Great Knight Medal","Number":2,"Area":"Camelot","Quest":"Main Gate","AP_per_Run":20,"BP_AP":47.2,"AP_per_Drop":60.9,"Drop_Chance":32.8,"Image":""},
{"Item":"Great Knight Medal","Number":3,"Area":"Camelot","Quest":"Fortress of the Round Table","AP_per_Run":19,"BP_AP":47,"AP_per_Drop":99,"Drop_Chance":19.2,"Image":""},
{"Item":"Great Knight Medal","Number":4,"Area":"","Quest":"","AP_per_Run":"","BP_AP":"","AP_per_Drop":"","Drop_Chance":"","Image":""},
{"Item":"Great Knight Medal","Number":5,"Area":"","Quest":"","AP_per_Run":"","BP_AP":"","AP_per_Drop":"","Drop_Chance":"","Image":""},
{"Item":"Shell of Reminiscense","Number":1,"Area":"Babylonia","Quest":"Observatory","AP_per_Run":21,"BP_AP":48.5,"AP_per_Drop":50.7,"Drop_Chance":41.5,"Image":"https://cirnopedia.org/fate-go/icons/item/item_163.png"},
{"Item":"Shell of Reminiscense","Number":2,"Area":"Okeanos","Quest":"Archipelago (Hidden island)","AP_per_Run":16,"BP_AP":40.2,"AP_per_Drop":57.2,"Drop_Chance":28,"Image":""},
{"Item":"Shell of Reminiscense","Number":3,"Area":"Anastasia","Quest":"Icicles Grotto","AP_per_Run":20,"BP_AP":48.4,"AP_per_Drop":79.3,"Drop_Chance":25.2,"Image":""},
{"Item":"Shell of Reminiscense","Number":4,"Area":"Anastasia","Quest":"Devastated Village","AP_per_Run":21,"BP_AP":47.3,"AP_per_Drop":83.4,"Drop_Chance":25.2,"Image":""},
{"Item":"Shell of Reminiscense","Number":5,"Area":"Anastasia","Quest":"Trampled Village","AP_per_Run":21,"BP_AP":49.7,"AP_per_Drop":85.5,"Drop_Chance":24.5,"Image":""},
{"Item":"Kotan Magatama","Number":1,"Area":"Shimosa","Quest":"Castle Town","AP_per_Run":21,"BP_AP":48.5,"AP_per_Drop":52.8,"Drop_Chance":39.8,"Image":"https://i.imgur.com/iIYUvXl.png"},
{"Item":"Kotan Magatama","Number":2,"Area":"Shimosa","Quest":"Hamlet","AP_per_Run":21,"BP_AP":47.3,"AP_per_Drop":72.5,"Drop_Chance":29,"Image":""},
{"Item":"Kotan Magatama","Number":3,"Area":"Shimosa","Quest":"Tokejou","AP_per_Run":21,"BP_AP":49.7,"AP_per_Drop":77.2,"Drop_Chance":27.2,"Image":""},
{"Item":"Kotan Magatama","Number":4,"Area":"Shimosa","Quest":"Hermitage","AP_per_Run":21,"BP_AP":47.3,"AP_per_Drop":80.7,"Drop_Chance":26,"Image":""},
{"Item":"Kotan Magatama","Number":5,"Area":"Shimosa","Quest":"Battlefield","AP_per_Run":21,"BP_AP":48.5,"AP_per_Drop":84.6,"Drop_Chance":24.8,"Image":""},
{"Item":"Permafrost","Number":1,"Area":"Anastasia","Quest":"Yaga Moscow","AP_per_Run":21,"BP_AP":49.7,"AP_per_Drop":46.3,"Drop_Chance":45.3,"Image":"https://i.imgur.com/PTSgqR2.png"},
{"Item":"Permafrost","Number":2,"Area":"Anastasia","Quest":"Trampled Village","AP_per_Run":21,"BP_AP":49.7,"AP_per_Drop":82.5,"Drop_Chance":25.5,"Image":""},
{"Item":"Permafrost","Number":3,"Area":"Anastasia","Quest":"Yaga Ryazan","AP_per_Run":21,"BP_AP":50.9,"AP_per_Drop":83.2,"Drop_Chance":25.2,"Image":""},
{"Item":"Permafrost","Number":4,"Area":"Anastasia","Quest":"Yaga Tula","AP_per_Run":21,"BP_AP":48.5,"AP_per_Drop":94.2,"Drop_Chance":22.3,"Image":""},
{"Item":"Permafrost","Number":5,"Area":"Anastasia","Quest":"Yaga Demensk","AP_per_Run":21,"BP_AP":48.5,"AP_per_Drop":99.5,"Drop_Chance":21.1,"Image":""},
{"Item":"Giant's Ring","Number":1,"Area":"Götterdämmerung","Quest":"Giants' Flower Patio","AP_per_Run":20,"BP_AP":48.4,"AP_per_Drop":49.8,"Drop_Chance":40.1,"Image":"https://i.imgur.com/FJESpqX.png"},
{"Item":"Giant's Ring","Number":2,"Area":"Götterdämmerung","Quest":"Pathway Towards The Peak","AP_per_Run":21,"BP_AP":48.5,"AP_per_Drop":67.6,"Drop_Chance":31.1,"Image":""},
{"Item":"Giant's Ring","Number":3,"Area":"Götterdämmerung","Quest":"Knoll of Thin Ice","AP_per_Run":20,"BP_AP":48.4,"AP_per_Drop":73.8,"Drop_Chance":27.1,"Image":""},
{"Item":"Giant's Ring","Number":4,"Area":"SIN","Quest":"Neighboring Village","AP_per_Run":20,"BP_AP":48.4,"AP_per_Drop":76.4,"Drop_Chance":26.2,"Image":""},
{"Item":"Giant's Ring","Number":5,"Area":"Götterdämmerung","Quest":"Northern Boundary","AP_per_Run":21,"BP_AP":50.9,"AP_per_Drop":81.2,"Drop_Chance":25.9,"Image":""},
{"Item":"Aurora Steel","Number":1,"Area":"Götterdämmerung","Quest":"Castle of Ice and Snow","AP_per_Run":21,"BP_AP":48.5,"AP_per_Drop":54.1,"Drop_Chance":38.9,"Image":"https://i.imgur.com/b6JVWLs.png"},
{"Item":"Aurora Steel","Number":2,"Area":"Götterdämmerung","Quest":"Ablazed Mansion","AP_per_Run":21,"BP_AP":49.7,"AP_per_Drop":85,"Drop_Chance":24.7,"Image":""},
{"Item":"Aurora Steel","Number":3,"Area":"Götterdämmerung","Quest":"Forgotten Temple","AP_per_Run":21,"BP_AP":50.9,"AP_per_Drop":89.3,"Drop_Chance":23.5,"Image":""},
{"Item":"Aurora Steel","Number":4,"Area":"Götterdämmerung","Quest":"23rd Settlement","AP_per_Run":21,"BP_AP":47.3,"AP_per_Drop":89.4,"Drop_Chance":23.5,"Image":""},
{"Item":"Aurora Steel","Number":5,"Area":"Götterdämmerung","Quest":"67th Settlement","AP_per_Run":21,"BP_AP":49.7,"AP_per_Drop":89.7,"Drop_Chance":23.4,"Image":""},
{"Item":"Ancient Bell of Tranquility","Number":1,"Area":"SIN","Quest":"Eight Gates Cave","AP_per_Run":21,"BP_AP":50.9,"AP_per_Drop":53.9,"Drop_Chance":39,"Image":"https://i.imgur.com/Crx6wSi.png"},
{"Item":"Ancient Bell of Tranquility","Number":2,"Area":"SIN","Quest":"Detention Centre","AP_per_Run":21,"BP_AP":48.5,"AP_per_Drop":81.4,"Drop_Chance":25.8,"Image":""},
{"Item":"Ancient Bell of Tranquility","Number":3,"Area":"SIN","Quest":"Dapingyu","AP_per_Run":21,"BP_AP":49.7,"AP_per_Drop":83.5,"Drop_Chance":25.1,"Image":""},
{"Item":"Ancient Bell of Tranquility","Number":4,"Area":"SIN","Quest":"Xianyang","AP_per_Run":21,"BP_AP":50.9,"AP_per_Drop":104.8,"Drop_Chance":20,"Image":""},
{"Item":"Ancient Bell of Tranquility","Number":5,"Area":"","Quest":"","AP_per_Run":"","BP_AP":"","AP_per_Drop":"","Drop_Chance":"","Image":""},
{"Item":"Claw of Chaos","Number":1,"Area":"E Pluribus Unum","Quest":"Des Moines","AP_per_Run":18,"BP_AP":42.7,"AP_per_Drop":88.4,"Drop_Chance":20.4,"Image":"https://cirnopedia.org/fate-go/icons/item/item_013.png"},
{"Item":"Claw of Chaos","Number":2,"Area":"Agartha","Quest":"Subterranean Moor","AP_per_Run":20,"BP_AP":48.4,"AP_per_Drop":95.4,"Drop_Chance":21,"Image":"https://cirnopedia.org/fate-go/icons/item/item_013.png"},
{"Item":"Claw of Chaos","Number":3,"Area":"Anastasia","Quest":"Yaga Ryazan","AP_per_Run":21,"BP_AP":50.9,"AP_per_Drop":98.4,"Drop_Chance":21.3,"Image":"https://cirnopedia.org/fate-go/icons/item/item_013.png"},
{"Item":"Claw of Chaos","Number":4,"Area":"Babylonia","Quest":"Ur","AP_per_Run":21,"BP_AP":47.3,"AP_per_Drop":107.8,"Drop_Chance":19.5,"Image":"https://cirnopedia.org/fate-go/icons/item/item_013.png"},
{"Item":"Claw of Chaos","Number":5,"Area":"Shinjuku","Quest":"Shinjuku 4-chome","AP_per_Run":21,"BP_AP":47.3,"AP_per_Drop":112.6,"Drop_Chance":18.7,"Image":"https://cirnopedia.org/fate-go/icons/item/item_013.png"},
{"Item":"Heart of a Foreign God","Number":1,"Area":"Salem","Quest":"Carter House","AP_per_Run":20,"BP_AP":48.4,"AP_per_Drop":161.4,"Drop_Chance":12.4,"Image":"https://cirnopedia.org/fate-go/icons/item/item_023.png"},
{"Item":"Heart of a Foreign God","Number":2,"Area":"Shinjuku","Quest":"Shinjuku Imperial Garden","AP_per_Run":21,"BP_AP":50.9,"AP_per_Drop":171.5,"Drop_Chance":12.2,"Image":"https://cirnopedia.org/fate-go/icons/item/item_023.png"},
{"Item":"Heart of a Foreign God","Number":3,"Area":"Chaldea Gate (Fri)","Quest":"FRI Caster Training Ground- Exp","AP_per_Run":40,"BP_AP":20.5,"AP_per_Drop":631.8,"Drop_Chance":6.3,"Image":""},
{"Item":"Heart of a Foreign God","Number":4,"Area":"Chaldea Gate (Fri)","Quest":"FRI Caster Training Ground- Adv","AP_per_Run":30,"BP_AP":19,"AP_per_Drop":771.3,"Drop_Chance":3.9,"Image":""},
{"Item":"Heart of a Foreign God","Number":5,"Area":"","Quest":"","AP_per_Run":"","BP_AP":"","AP_per_Drop":"","Drop_Chance":"","Image":""},
{"Item":"Dragon's Reverse Scale","Number":1,"Area":"Babylonia","Quest":"Nippur","AP_per_Run":21,"BP_AP":50.9,"AP_per_Drop":160.9,"Drop_Chance":13.1,"Image":"https://cirnopedia.org/fate-go/icons/item/item_012.png"},
{"Item":"Dragon's Reverse Scale","Number":2,"Area":"Chaldea Gate (Thu)","Quest":"THU Rider Training Ground- Exp","AP_per_Run":40,"BP_AP":20.5,"AP_per_Drop":548.5,"Drop_Chance":7.3,"Image":"https://cirnopedia.org/fate-go/icons/item/item_012.png"},
{"Item":"Dragon's Reverse Scale","Number":3,"Area":"Chaldea Gate (Thu)","Quest":"THU Rider Training Ground- Adv","AP_per_Run":30,"BP_AP":19,"AP_per_Drop":886.3,"Drop_Chance":3.4,"Image":""},
{"Item":"Dragon's Reverse Scale","Number":4,"Area":"","Quest":"","AP_per_Run":"","BP_AP":"","AP_per_Drop":"","Drop_Chance":"","Image":""},
{"Item":"Dragon's Reverse Scale","Number":5,"Area":"","Quest":"","AP_per_Run":"","BP_AP":"","AP_per_Drop":"","Drop_Chance":"","Image":""},
{"Item":"Spirit Root","Number":1,"Area":"Camelot","Quest":"Holy City","AP_per_Run":20,"BP_AP":47.2,"AP_per_Drop":164,"Drop_Chance":12.2,"Image":"https://cirnopedia.org/fate-go/icons/item/item_113.png"},
{"Item":"Spirit Root","Number":2,"Area":"Götterdämmerung","Quest":"Forgotten Temple","AP_per_Run":21,"BP_AP":50.9,"AP_per_Drop":199.6,"Drop_Chance":10.5,"Image":""},
{"Item":"Spirit Root","Number":3,"Area":"Shinjuku","Quest":"Tower's Top Floor","AP_per_Run":21,"BP_AP":49.7,"AP_per_Drop":208,"Drop_Chance":10.1,"Image":""},
{"Item":"Spirit Root","Number":4,"Area":"E Pluribus Unum","Quest":"Washington","AP_per_Run":20,"BP_AP":49.1,"AP_per_Drop":259.3,"Drop_Chance":7.7,"Image":""},
{"Item":"Spirit Root","Number":5,"Area":"Chaldea Gate (Sun)","Quest":"SUN Saber Training Ground- Exp","AP_per_Run":40,"BP_AP":20.5,"AP_per_Drop":494.4,"Drop_Chance":8.1,"Image":""},
{"Item":"Warhorse's Young Horn","Number":1,"Area":"Agartha","Quest":"Campsite","AP_per_Run":20,"BP_AP":48.4,"AP_per_Drop":86.1,"Drop_Chance":23.2,"Image":"https://cirnopedia.org/fate-go/icons/item/item_114.png"},
{"Item":"Warhorse's Young Horn","Number":2,"Area":"Anastasia","Quest":"Rebellion Army's Stronghold","AP_per_Run":21,"BP_AP":47.3,"AP_per_Drop":101,"Drop_Chance":20.8,"Image":""},
{"Item":"Warhorse's Young Horn","Number":3,"Area":"Camelot","Quest":"East Village","AP_per_Run":19,"BP_AP":45.7,"AP_per_Drop":110.3,"Drop_Chance":17.2,"Image":""},
{"Item":"Warhorse's Young Horn","Number":4,"Area":"Anastasia","Quest":"Anchor Point","AP_per_Run":20,"BP_AP":48.4,"AP_per_Drop":112.9,"Drop_Chance":17.7,"Image":""},
{"Item":"Warhorse's Young Horn","Number":5,"Area":"Anastasia","Quest":"Yaga Demensk","AP_per_Run":21,"BP_AP":48.5,"AP_per_Drop":127.2,"Drop_Chance":16.5,"Image":""},
{"Item":"Tearstone of Blood","Number":1,"Area":"Shinjuku","Quest":"Shinjuku 2-chome","AP_per_Run":21,"BP_AP":50.9,"AP_per_Drop":111.7,"Drop_Chance":18.8,"Image":"https://cirnopedia.org/fate-go/icons/item/item_111.png"},
{"Item":"Tearstone of Blood","Number":2,"Area":"E Pluribus Unum","Quest":"Alexandria","AP_per_Run":18,"BP_AP":45.5,"AP_per_Drop":155.6,"Drop_Chance":11.6,"Image":""},
{"Item":"Tearstone of Blood","Number":3,"Area":"Chaldea Gate (Mon)","Quest":"MON Archer Training Ground- Exp","AP_per_Run":40,"BP_AP":20.5,"AP_per_Drop":303.4,"Drop_Chance":13.2,"Image":""},
{"Item":"Tearstone of Blood","Number":4,"Area":"Chaldea Gate (Mon)","Quest":"MON Archer Training Ground- Adv","AP_per_Run":30,"BP_AP":19,"AP_per_Drop":509.3,"Drop_Chance":5.9,"Image":""},
{"Item":"Tearstone of Blood","Number":5,"Area":"","Quest":"","AP_per_Run":"","BP_AP":"","AP_per_Drop":"","Drop_Chance":"","Image":""},
{"Item":"Black Beast Grease","Number":1,"Area":"Agartha","Quest":"Northern Palisade","AP_per_Run":21,"BP_AP":47.3,"AP_per_Drop":98.8,"Drop_Chance":21.3,"Image":"https://cirnopedia.org/fate-go/icons/item/item_112.png"},
{"Item":"Black Beast Grease","Number":2,"Area":"Babylonia","Quest":"Northern Hill","AP_per_Run":20,"BP_AP":48.4,"AP_per_Drop":110.9,"Drop_Chance":18,"Image":""},
{"Item":"Black Beast Grease","Number":3,"Area":"E Pluribus Unum","Quest":"Lubbock","AP_per_Run":18,"BP_AP":45.5,"AP_per_Drop":146.7,"Drop_Chance":12.3,"Image":""},
{"Item":"Black Beast Grease","Number":4,"Area":"Chaldea Gate (Sat)","Quest":"SAT Assassin Training Ground- Exp","AP_per_Run":40,"BP_AP":20.5,"AP_per_Drop":326.6,"Drop_Chance":12.2,"Image":""},
{"Item":"Black Beast Grease","Number":5,"Area":"Chaldea Gate (Sat)","Quest":"SAT Assassin Training Ground- Adv","AP_per_Run":30,"BP_AP":19,"AP_per_Drop":501.8,"Drop_Chance":6,"Image":""},
{"Item":"Lamp of Evil-Sealing","Number":1,"Area":"Salem","Quest":"Jail","AP_per_Run":21,"BP_AP":50.9,"AP_per_Drop":108.3,"Drop_Chance":19.4,"Image":"https://cirnopedia.org/fate-go/icons/item/item_152.png"},
{"Item":"Lamp of Evil-Sealing","Number":2,"Area":"Camelot","Quest":"Hidden Village","AP_per_Run":21,"BP_AP":49.7,"AP_per_Drop":121,"Drop_Chance":17.3,"Image":""},
{"Item":"Lamp of Evil-Sealing","Number":3,"Area":"Camelot","Quest":"Dune of Dawn","AP_per_Run":19,"BP_AP":44.4,"AP_per_Drop":167.7,"Drop_Chance":11.3,"Image":""},
{"Item":"Lamp of Evil-Sealing","Number":4,"Area":"","Quest":"","AP_per_Run":"","BP_AP":"","AP_per_Drop":"","Drop_Chance":"","Image":""},
{"Item":"Lamp of Evil-Sealing","Number":5,"Area":"","Quest":"","AP_per_Run":"","BP_AP":"","AP_per_Drop":"","Drop_Chance":"","Image":""},
{"Item":"Scarab of Wisdom","Number":1,"Area":"Camelot","Quest":"Great Temple","AP_per_Run":22,"BP_AP":50.9,"AP_per_Drop":195.5,"Drop_Chance":11.3,"Image":"https://cirnopedia.org/fate-go/icons/item/item_154.png"},
{"Item":"Scarab of Wisdom","Number":2,"Area":"Camelot","Quest":"Sandstorm Desert","AP_per_Run":19,"BP_AP":44.4,"AP_per_Drop":232.4,"Drop_Chance":8.2,"Image":""},
{"Item":"Scarab of Wisdom","Number":3,"Area":"","Quest":"","AP_per_Run":"","BP_AP":"","AP_per_Drop":"","Drop_Chance":"","Image":""},
{"Item":"Scarab of Wisdom","Number":4,"Area":"","Quest":"","AP_per_Run":"","BP_AP":"","AP_per_Drop":"","Drop_Chance":"","Image":""},
{"Item":"Scarab of Wisdom","Number":5,"Area":"","Quest":"","AP_per_Run":"","BP_AP":"","AP_per_Drop":"","Drop_Chance":"","Image":""},
{"Item":"Primordial Lanugo","Number":1,"Area":"Babylonia","Quest":"Blood Fort","AP_per_Run":21,"BP_AP":50.9,"AP_per_Drop":111.3,"Drop_Chance":18.9,"Image":"https://cirnopedia.org/fate-go/icons/item/item_193.png"},
{"Item":"Primordial Lanugo","Number":2,"Area":"Götterdämmerung","Quest":"Pathway Towards The Peak","AP_per_Run":21,"BP_AP":48.5,"AP_per_Drop":115,"Drop_Chance":18.3,"Image":""},
{"Item":"Primordial Lanugo","Number":3,"Area":"Götterdämmerung","Quest":"67th Settlement","AP_per_Run":21,"BP_AP":49.7,"AP_per_Drop":120,"Drop_Chance":17.5,"Image":""},
{"Item":"Primordial Lanugo","Number":4,"Area":"Babylonia","Quest":"Northern Wall","AP_per_Run":21,"BP_AP":49.7,"AP_per_Drop":169.2,"Drop_Chance":12.4,"Image":""},
{"Item":"Primordial Lanugo","Number":5,"Area":"Götterdämmerung","Quest":"Landing Point","AP_per_Run":20,"BP_AP":48.4,"AP_per_Drop":180,"Drop_Chance":11.1,"Image":""},
{"Item":"Cursed Beast Gallstone","Number":1,"Area":"Babylonia","Quest":"Mt. Ebih","AP_per_Run":21,"BP_AP":50.9,"AP_per_Drop":171.7,"Drop_Chance":12.2,"Image":"https://cirnopedia.org/fate-go/icons/item/item_192.png"},
{"Item":"Cursed Beast Gallstone","Number":2,"Area":"Shimosa","Quest":"Arakawa Prairie","AP_per_Run":21,"BP_AP":50.9,"AP_per_Drop":177,"Drop_Chance":11.9,"Image":""},
{"Item":"Cursed Beast Gallstone","Number":3,"Area":"","Quest":"","AP_per_Run":"","BP_AP":"","AP_per_Drop":"","Drop_Chance":"","Image":""},
{"Item":"Cursed Beast Gallstone","Number":4,"Area":"","Quest":"","AP_per_Run":"","BP_AP":"","AP_per_Drop":"","Drop_Chance":"","Image":""},
{"Item":"Cursed Beast Gallstone","Number":5,"Area":"","Quest":"","AP_per_Run":"","BP_AP":"","AP_per_Drop":"","Drop_Chance":"","Image":""},
{"Item":"Bizarre Godly Wine","Number":1,"Area":"Agartha","Quest":"Palace of Dragon King","AP_per_Run":21,"BP_AP":49.7,"AP_per_Drop":163.6,"Drop_Chance":12.8,"Image":"https://cirnopedia.org/fate-go/icons/item/item_230.png"},
{"Item":"Bizarre Godly Wine","Number":2,"Area":"Anastasia","Quest":"Great Valley Stronghold","AP_per_Run":21,"BP_AP":49.7,"AP_per_Drop":193.2,"Drop_Chance":10.9,"Image":""},
{"Item":"Bizarre Godly Wine","Number":3,"Area":"SIN","Quest":"Icy Cold Grotto","AP_per_Run":20,"BP_AP":48.4,"AP_per_Drop":204.4,"Drop_Chance":9.8,"Image":""},
{"Item":"Bizarre Godly Wine","Number":4,"Area":"Shimosa","Quest":"Tokejou","AP_per_Run":21,"BP_AP":49.7,"AP_per_Drop":210,"Drop_Chance":10,"Image":""},
{"Item":"Bizarre Godly Wine","Number":5,"Area":"","Quest":"","AP_per_Run":"","BP_AP":"","AP_per_Drop":"","Drop_Chance":"","Image":""},
{"Item":"Dawnlight Reactor Core","Number":1,"Area":"SIN","Quest":"Detention Centre","AP_per_Run":21,"BP_AP":48.5,"AP_per_Drop":103.3,"Drop_Chance":20.3,"Image":"https://i.imgur.com/LY4BVbr.png"},
{"Item":"Dawnlight Reactor Core","Number":2,"Area":"SIN","Quest":"Shiquan Gorge","AP_per_Run":21,"BP_AP":49.7,"AP_per_Drop":104.9,"Drop_Chance":20,"Image":""},
{"Item":"Dawnlight Reactor Core","Number":3,"Area":"SIN","Quest":"Shenyang Knoll","AP_per_Run":21,"BP_AP":48.5,"AP_per_Drop":125,"Drop_Chance":16.8,"Image":""},
{"Item":"Dawnlight Reactor Core","Number":4,"Area":"SIN","Quest":"Jing Yangyuan","AP_per_Run":21,"BP_AP":47.3,"AP_per_Drop":130.2,"Drop_Chance":16.1,"Image":""},
{"Item":"Dawnlight Reactor Core","Number":5,"Area":"SIN","Quest":"Xianyang","AP_per_Run":21,"BP_AP":50.9,"AP_per_Drop":137.5,"Drop_Chance":15.3,"Image":""},
{"Item":"Secret Gem of Saber","Number":1,"Area":"Chaldea Gate (Sun)","Quest":"SUN Saber Training Ground- Exp","AP_per_Run":40,"BP_AP":20.5,"AP_per_Drop":141.1,"Drop_Chance":28.3,"Image":"https://cirnopedia.org/fate-go/icons/item/item_057.png"},
{"Item":"Secret Gem of Saber","Number":2,"Area":"Shinjuku","Quest":"Tower's Top Floor","AP_per_Run":21,"BP_AP":49.7,"AP_per_Drop":517.3,"Drop_Chance":4.1,"Image":""},
{"Item":"Secret Gem of Saber","Number":3,"Area":"Götterdämmerung","Quest":"Forgotten Temple","AP_per_Run":21,"BP_AP":50.9,"AP_per_Drop":547.8,"Drop_Chance":3.8,"Image":""},
{"Item":"Secret Gem of Saber","Number":4,"Area":"E Pluribus Unum","Quest":"Washington","AP_per_Run":20,"BP_AP":49.1,"AP_per_Drop":568.3,"Drop_Chance":3.5,"Image":""},
{"Item":"Secret Gem of Saber","Number":5,"Area":"Camelot","Quest":"Holy City","AP_per_Run":20,"BP_AP":47.2,"AP_per_Drop":571.1,"Drop_Chance":3.5,"Image":""},
{"Item":"Secret Gem of Archer","Number":1,"Area":"Chaldea Gate (Mon)","Quest":"MON Archer Training Ground- Exp","AP_per_Run":40,"BP_AP":20.5,"AP_per_Drop":132.8,"Drop_Chance":30.1,"Image":"https://cirnopedia.org/fate-go/icons/item/item_058.png"},
{"Item":"Secret Gem of Archer","Number":2,"Area":"Chaldea Gate (Mon)","Quest":"MON Archer Training Ground- Adv","AP_per_Run":30,"BP_AP":19,"AP_per_Drop":198.6,"Drop_Chance":15.1,"Image":""},
{"Item":"Secret Gem of Archer","Number":3,"Area":"Agartha","Quest":"Palace of Dragon King","AP_per_Run":21,"BP_AP":49.7,"AP_per_Drop":445.2,"Drop_Chance":4.7,"Image":""},
{"Item":"Secret Gem of Archer","Number":4,"Area":"E Pluribus Unum","Quest":"Chicago","AP_per_Run":21,"BP_AP":48.5,"AP_per_Drop":520.4,"Drop_Chance":4,"Image":""},
{"Item":"Secret Gem of Archer","Number":5,"Area":"Camelot","Quest":"Land of the Void","AP_per_Run":22,"BP_AP":49.7,"AP_per_Drop":724,"Drop_Chance":3,"Image":""},
{"Item":"Secret Gem of Lancer","Number":1,"Area":"Chaldea Gate (Tue)","Quest":"TUE Lancer Training Ground- Exp","AP_per_Run":40,"BP_AP":20.5,"AP_per_Drop":145,"Drop_Chance":27.6,"Image":"https://cirnopedia.org/fate-go/icons/item/item_059.png"},
{"Item":"Secret Gem of Lancer","Number":2,"Area":"Chaldea Gate (Tue)","Quest":"TUE Lancer Training Ground- Adv","AP_per_Run":30,"BP_AP":19,"AP_per_Drop":175.2,"Drop_Chance":17.1,"Image":""},
{"Item":"Secret Gem of Lancer","Number":3,"Area":"Shimosa","Quest":"Tokejou","AP_per_Run":21,"BP_AP":49.7,"AP_per_Drop":636.4,"Drop_Chance":3.3,"Image":""},
{"Item":"Secret Gem of Lancer","Number":4,"Area":"Agartha","Quest":"Subterranean Large River","AP_per_Run":21,"BP_AP":49.7,"AP_per_Drop":643.6,"Drop_Chance":3.3,"Image":""},
{"Item":"Secret Gem of Lancer","Number":5,"Area":"","Quest":"","AP_per_Run":"","BP_AP":"","AP_per_Drop":"","Drop_Chance":"","Image":""},
{"Item":"Secret Gem of Rider","Number":1,"Area":"Chaldea Gate (Thu)","Quest":"THU Rider Training Ground- Exp","AP_per_Run":40,"BP_AP":20.5,"AP_per_Drop":97.7,"Drop_Chance":40.9,"Image":"https://cirnopedia.org/fate-go/icons/item/item_060.png"},
{"Item":"Secret Gem of Rider","Number":2,"Area":"Chaldea Gate (Thu)","Quest":"THU Rider Training Ground- Adv","AP_per_Run":30,"BP_AP":19,"AP_per_Drop":116.6,"Drop_Chance":25.7,"Image":""},
{"Item":"Secret Gem of Rider","Number":3,"Area":"Camelot","Quest":"Land of the Void","AP_per_Run":22,"BP_AP":49.7,"AP_per_Drop":330.2,"Drop_Chance":6.7,"Image":""},
{"Item":"Secret Gem of Rider","Number":4,"Area":"Babylonia","Quest":"Nippur","AP_per_Run":21,"BP_AP":50.9,"AP_per_Drop":445.7,"Drop_Chance":4.7,"Image":""},
{"Item":"Secret Gem of Rider","Number":5,"Area":"","Quest":"","AP_per_Run":"","BP_AP":"","AP_per_Drop":"","Drop_Chance":"","Image":""},
{"Item":"Secret Gem of Caster","Number":1,"Area":"Chaldea Gate (Fri)","Quest":"FRI Caster Training Ground- Exp","AP_per_Run":40,"BP_AP":20.5,"AP_per_Drop":52.1,"Drop_Chance":76.8,"Image":"https://cirnopedia.org/fate-go/icons/item/item_061.png"},
{"Item":"Secret Gem of Caster","Number":2,"Area":"Chaldea Gate (Fri)","Quest":"FRI Caster Training Ground- Adv","AP_per_Run":30,"BP_AP":19,"AP_per_Drop":133.4,"Drop_Chance":22.5,"Image":""},
{"Item":"Secret Gem of Caster","Number":3,"Area":"Camelot","Quest":"Great Temple","AP_per_Run":22,"BP_AP":50.9,"AP_per_Drop":358.2,"Drop_Chance":6.1,"Image":""},
{"Item":"Secret Gem of Caster","Number":4,"Area":"Salem","Quest":"Carter House","AP_per_Run":20,"BP_AP":48.4,"AP_per_Drop":440.9,"Drop_Chance":4.5,"Image":""},
{"Item":"Secret Gem of Caster","Number":5,"Area":"Shinjuku","Quest":"Shinjuku Imperial Garden","AP_per_Run":21,"BP_AP":50.9,"AP_per_Drop":450.3,"Drop_Chance":4.7,"Image":""},
{"Item":"Secret Gem of Assassin","Number":1,"Area":"Chaldea Gate (Sat)","Quest":"SAT Assassin Training Ground- Exp","AP_per_Run":40,"BP_AP":20.5,"AP_per_Drop":156.7,"Drop_Chance":25.5,"Image":"https://cirnopedia.org/fate-go/icons/item/item_062.png"},
{"Item":"Secret Gem of Assassin","Number":2,"Area":"Chaldea Gate (Sat)","Quest":"SAT Assassin Training Ground- Adv","AP_per_Run":30,"BP_AP":19,"AP_per_Drop":206.4,"Drop_Chance":14.5,"Image":""},
{"Item":"Secret Gem of Assassin","Number":3,"Area":"Anastasia","Quest":"Great Valley Stronghold","AP_per_Run":21,"BP_AP":49.7,"AP_per_Drop":411.8,"Drop_Chance":5.1,"Image":""},
{"Item":"Secret Gem of Assassin","Number":4,"Area":"London","Quest":"Clerkenwell","AP_per_Run":18,"BP_AP":45.5,"AP_per_Drop":491.1,"Drop_Chance":3.7,"Image":""},
{"Item":"Secret Gem of Assassin","Number":5,"Area":"SIN","Quest":"Icy Cold Grotto","AP_per_Run":20,"BP_AP":48.4,"AP_per_Drop":1840,"Drop_Chance":1.1,"Image":""},
{"Item":"Secret Gem of Berserker","Number":1,"Area":"Chaldea Gate (Wed)","Quest":"WED Berserker Training Ground- Exp","AP_per_Run":40,"BP_AP":20.5,"AP_per_Drop":170.4,"Drop_Chance":23.5,"Image":"https://cirnopedia.org/fate-go/icons/item/item_063.png"},
{"Item":"Secret Gem of Berserker","Number":2,"Area":"Chaldea Gate (Wed)","Quest":"WED Berserker Training Ground- Adv","AP_per_Run":30,"BP_AP":19,"AP_per_Drop":213.2,"Drop_Chance":14.1,"Image":""},
{"Item":"Secret Gem of Berserker","Number":3,"Area":"Camelot","Quest":"Holy City","AP_per_Run":20,"BP_AP":47.2,"AP_per_Drop":222.4,"Drop_Chance":9,"Image":""},
{"Item":"Secret Gem of Berserker","Number":4,"Area":"Götterdämmerung","Quest":"Heroes' Cellar","AP_per_Run":21,"BP_AP":47.3,"AP_per_Drop":365.6,"Drop_Chance":5.7,"Image":""},
{"Item":"Secret Gem of Berserker","Number":5,"Area":"Agartha","Quest":"Subterranean Moor","AP_per_Run":20,"BP_AP":48.4,"AP_per_Drop":381.6,"Drop_Chance":5.2,"Image":""},
{"Item":"Magic Gem of Saber","Number":1,"Area":"Chaldea Gate (Sun)","Quest":"SUN Saber Training Ground- Adv","AP_per_Run":30,"BP_AP":19,"AP_per_Drop":22.3,"Drop_Chance":134.6,"Image":"https://cirnopedia.org/fate-go/icons/item/item_049.png"},
{"Item":"Magic Gem of Saber","Number":2,"Area":"Chaldea Gate (Sun)","Quest":"SUN Saber Training Ground- Int","AP_per_Run":20,"BP_AP":19.1,"AP_per_Drop":24.3,"Drop_Chance":82.3,"Image":""},
{"Item":"Magic Gem of Saber","Number":3,"Area":"Chaldea Gate (Sun)","Quest":"SUN Saber Training Ground- Exp","AP_per_Run":40,"BP_AP":20.5,"AP_per_Drop":34.2,"Drop_Chance":116.9,"Image":""},
{"Item":"Magic Gem of Saber","Number":4,"Area":"Shimosa","Quest":"Castle Town","AP_per_Run":21,"BP_AP":48.5,"AP_per_Drop":53.5,"Drop_Chance":39.2,"Image":""},
{"Item":"Magic Gem of Saber","Number":5,"Area":"Shimosa","Quest":"Hill Behind The Hermitage","AP_per_Run":21,"BP_AP":49.7,"AP_per_Drop":81.4,"Drop_Chance":25.8,"Image":""},
{"Item":"Magic Gem of Archer","Number":1,"Area":"Chaldea Gate (Mon)","Quest":"MON Archer Training Ground- Adv","AP_per_Run":30,"BP_AP":19,"AP_per_Drop":19.2,"Drop_Chance":156.1,"Image":"https://cirnopedia.org/fate-go/icons/item/item_050.png"},
{"Item":"Magic Gem of Archer","Number":2,"Area":"Chaldea Gate (Mon)","Quest":"MON Archer Training Ground- Exp","AP_per_Run":40,"BP_AP":20.5,"AP_per_Drop":33.2,"Drop_Chance":120.5,"Image":""},
{"Item":"Magic Gem of Archer","Number":3,"Area":"Chaldea Gate (Mon)","Quest":"MON Archer Training Ground- Int","AP_per_Run":20,"BP_AP":19.1,"AP_per_Drop":57.2,"Drop_Chance":34.9,"Image":""},
{"Item":"Magic Gem of Archer","Number":4,"Area":"Shinjuku","Quest":"Shinjuku Station","AP_per_Run":21,"BP_AP":47.3,"AP_per_Drop":86.6,"Drop_Chance":24.3,"Image":""},
{"Item":"Magic Gem of Archer","Number":5,"Area":"Camelot","Quest":"Atlas Institute","AP_per_Run":20,"BP_AP":45.9,"AP_per_Drop":101.8,"Drop_Chance":19.6,"Image":""},
{"Item":"Magic Gem of Lancer","Number":1,"Area":"Chaldea Gate (Tue)","Quest":"TUE Lancer Training Ground- Adv","AP_per_Run":30,"BP_AP":19,"AP_per_Drop":20.3,"Drop_Chance":147.7,"Image":"https://cirnopedia.org/fate-go/icons/item/item_051.png"},
{"Item":"Magic Gem of Lancer","Number":2,"Area":"Chaldea Gate (Tue)","Quest":"TUE Lancer Training Ground- Int","AP_per_Run":20,"BP_AP":19.1,"AP_per_Drop":30.3,"Drop_Chance":66,"Image":""},
{"Item":"Magic Gem of Lancer","Number":3,"Area":"Chaldea Gate (Tue)","Quest":"TUE Lancer Training Ground- Exp","AP_per_Run":40,"BP_AP":20.5,"AP_per_Drop":33.3,"Drop_Chance":120.1,"Image":""},
{"Item":"Magic Gem of Lancer","Number":4,"Area":"Salem","Quest":"Whateley House","AP_per_Run":21,"BP_AP":48.5,"AP_per_Drop":108,"Drop_Chance":19.4,"Image":""},
{"Item":"Magic Gem of Lancer","Number":5,"Area":"Agartha","Quest":"Campsite","AP_per_Run":20,"BP_AP":48.4,"AP_per_Drop":115.6,"Drop_Chance":17.3,"Image":""},
{"Item":"Magic Gem of Rider","Number":1,"Area":"Chaldea Gate (Thu)","Quest":"THU Rider Training Ground- Int","AP_per_Run":20,"BP_AP":19.1,"AP_per_Drop":21.4,"Drop_Chance":93.4,"Image":"https://cirnopedia.org/fate-go/icons/item/item_052.png"},
{"Item":"Magic Gem of Rider","Number":2,"Area":"Chaldea Gate (Thu)","Quest":"THU Rider Training Ground- Adv","AP_per_Run":30,"BP_AP":19,"AP_per_Drop":25.2,"Drop_Chance":119.2,"Image":""},
{"Item":"Magic Gem of Rider","Number":3,"Area":"Chaldea Gate (Thu)","Quest":"THU Rider Training Ground- Exp","AP_per_Run":40,"BP_AP":20.5,"AP_per_Drop":42.7,"Drop_Chance":93.7,"Image":""},
{"Item":"Magic Gem of Rider","Number":4,"Area":"Götterdämmerung","Quest":"Castle of Ice and Snow","AP_per_Run":21,"BP_AP":48.5,"AP_per_Drop":44.9,"Drop_Chance":46.8,"Image":""},
{"Item":"Magic Gem of Rider","Number":5,"Area":"Götterdämmerung","Quest":"Forgotten Temple","AP_per_Run":21,"BP_AP":50.9,"AP_per_Drop":57.5,"Drop_Chance":36.5,"Image":""},
{"Item":"Magic Gem of Caster","Number":1,"Area":"Chaldea Gate (Fri)","Quest":"FRI Caster Training Ground- Adv","AP_per_Run":30,"BP_AP":19,"AP_per_Drop":17.4,"Drop_Chance":172.7,"Image":"https://cirnopedia.org/fate-go/icons/item/item_053.png"},
{"Item":"Magic Gem of Caster","Number":2,"Area":"Chaldea Gate (Fri)","Quest":"FRI Caster Training Ground- Int","AP_per_Run":20,"BP_AP":19.1,"AP_per_Drop":25.3,"Drop_Chance":79.1,"Image":""},
{"Item":"Magic Gem of Caster","Number":3,"Area":"Agartha","Quest":"Chasm on The Ground","AP_per_Run":21,"BP_AP":50.9,"AP_per_Drop":42.2,"Drop_Chance":49.8,"Image":""},
{"Item":"Magic Gem of Caster","Number":4,"Area":"Camelot","Quest":"Dune of Dawn","AP_per_Run":19,"BP_AP":44.4,"AP_per_Drop":42.5,"Drop_Chance":44.7,"Image":""},
{"Item":"Magic Gem of Caster","Number":5,"Area":"Chaldea Gate (Fri)","Quest":"FRI Caster Training Ground- Exp","AP_per_Run":40,"BP_AP":20.5,"AP_per_Drop":44.3,"Drop_Chance":90.3,"Image":""},
{"Item":"Magic Gem of Assassin","Number":1,"Area":"Chaldea Gate (Sat)","Quest":"SAT Assassin Training Ground- Int","AP_per_Run":20,"BP_AP":19.1,"AP_per_Drop":18.4,"Drop_Chance":108.9,"Image":"https://cirnopedia.org/fate-go/icons/item/item_054.png"},
{"Item":"Magic Gem of Assassin","Number":2,"Area":"Chaldea Gate (Sat)","Quest":"SAT Assassin Training Ground- Adv","AP_per_Run":30,"BP_AP":19,"AP_per_Drop":20.4,"Drop_Chance":147,"Image":""},
{"Item":"Magic Gem of Assassin","Number":3,"Area":"Chaldea Gate (Sat)","Quest":"SAT Assassin Training Ground- Exp","AP_per_Run":40,"BP_AP":20.5,"AP_per_Drop":33.7,"Drop_Chance":118.6,"Image":""},
{"Item":"Magic Gem of Assassin","Number":4,"Area":"Anastasia","Quest":"Yaga Moscow","AP_per_Run":21,"BP_AP":49.7,"AP_per_Drop":46.4,"Drop_Chance":45.2,"Image":""},
{"Item":"Magic Gem of Assassin","Number":5,"Area":"SIN","Quest":"Eight Gates Cave","AP_per_Run":21,"BP_AP":50.9,"AP_per_Drop":47,"Drop_Chance":44.7,"Image":""},
{"Item":"Magic Gem of Berserker","Number":1,"Area":"Chaldea Gate (Wed)","Quest":"WED Berserker Training Ground- Adv","AP_per_Run":30,"BP_AP":19,"AP_per_Drop":22.6,"Drop_Chance":132.8,"Image":"https://cirnopedia.org/fate-go/icons/item/item_055.png"},
{"Item":"Magic Gem of Berserker","Number":2,"Area":"Chaldea Gate (Wed)","Quest":"WED Berserker Training Ground- Int","AP_per_Run":20,"BP_AP":19.1,"AP_per_Drop":31.4,"Drop_Chance":63.6,"Image":""},
{"Item":"Magic Gem of Berserker","Number":3,"Area":"Chaldea Gate (Wed)","Quest":"WED Berserker Training Ground- Exp","AP_per_Run":40,"BP_AP":20.5,"AP_per_Drop":34.5,"Drop_Chance":116,"Image":""},
{"Item":"Magic Gem of Berserker","Number":4,"Area":"Götterdämmerung","Quest":"Giants' Flower Patio","AP_per_Run":20,"BP_AP":48.4,"AP_per_Drop":44.7,"Drop_Chance":44.8,"Image":""},
{"Item":"Magic Gem of Berserker","Number":5,"Area":"Götterdämmerung","Quest":"Northern Boundary","AP_per_Run":21,"BP_AP":50.9,"AP_per_Drop":49.9,"Drop_Chance":42.1,"Image":""},
{"Item":"Gem of Saber","Number":1,"Area":"Chaldea Gate (Sun)","Quest":"SUN Saber Training Ground- Nov","AP_per_Run":10,"BP_AP":19.4,"AP_per_Drop":7.9,"Drop_Chance":126,"Image":"https://cirnopedia.org/fate-go/icons/item/item_041.png"},
{"Item":"Gem of Saber","Number":2,"Area":"Fuyuki","Quest":"Unknown Coordinates X-A","AP_per_Run":3,"BP_AP":27.1,"AP_per_Drop":17.6,"Drop_Chance":17.1,"Image":""},
{"Item":"Gem of Saber","Number":3,"Area":"Chaldea Gate (Sun)","Quest":"SUN Saber Training Ground- Int","AP_per_Run":20,"BP_AP":19.1,"AP_per_Drop":18.7,"Drop_Chance":106.9,"Image":""},
{"Item":"Gem of Saber","Number":4,"Area":"Fuyuki","Quest":"Unknown Coordinates X-C","AP_per_Run":4,"BP_AP":23.4,"AP_per_Drop":20.1,"Drop_Chance":19.9,"Image":""},
{"Item":"Gem of Saber","Number":5,"Area":"Fuyuki","Quest":"Unknown Coordinates X-D","AP_per_Run":4,"BP_AP":29.7,"AP_per_Drop":21.4,"Drop_Chance":23.4,"Image":""},
{"Item":"Gem of Archer","Number":1,"Area":"Chaldea Gate (Mon)","Quest":"MON Archer Training Ground- Nov","AP_per_Run":10,"BP_AP":19.4,"AP_per_Drop":7.4,"Drop_Chance":135.2,"Image":"https://cirnopedia.org/fate-go/icons/item/item_042.png"},
{"Item":"Gem of Archer","Number":2,"Area":"Chaldea Gate (Mon)","Quest":"MON Archer Training Ground- Int","AP_per_Run":20,"BP_AP":19.1,"AP_per_Drop":14.6,"Drop_Chance":137.2,"Image":""},
{"Item":"Gem of Archer","Number":3,"Area":"Fuyuki","Quest":"Unknown Coordinates X-D","AP_per_Run":4,"BP_AP":29.7,"AP_per_Drop":24.8,"Drop_Chance":20.2,"Image":""},
{"Item":"Gem of Archer","Number":4,"Area":"Fuyuki","Quest":"Unknown Coordinates X-F","AP_per_Run":5,"BP_AP":33.8,"AP_per_Drop":35.9,"Drop_Chance":16.7,"Image":""},
{"Item":"Gem of Archer","Number":5,"Area":"E Pluribus Unum","Quest":"Black Hills","AP_per_Run":17,"BP_AP":42.3,"AP_per_Drop":41.2,"Drop_Chance":41.3,"Image":""},
{"Item":"Gem of Lancer","Number":1,"Area":"Chaldea Gate (Tue)","Quest":"TUE Lancer Training Ground- Nov","AP_per_Run":10,"BP_AP":19.4,"AP_per_Drop":8.6,"Drop_Chance":116.7,"Image":"https://cirnopedia.org/fate-go/icons/item/item_043.png"},
{"Item":"Gem of Lancer","Number":2,"Area":"Chaldea Gate (Tue)","Quest":"TUE Lancer Training Ground- Int","AP_per_Run":20,"BP_AP":19.1,"AP_per_Drop":17.3,"Drop_Chance":115.7,"Image":""},
{"Item":"Gem of Lancer","Number":3,"Area":"Orleans","Quest":"Bordeaux","AP_per_Run":7,"BP_AP":31.3,"AP_per_Drop":23.2,"Drop_Chance":30.2,"Image":""},
{"Item":"Gem of Lancer","Number":4,"Area":"London","Quest":"City of London","AP_per_Run":15,"BP_AP":39.6,"AP_per_Drop":24.8,"Drop_Chance":60.4,"Image":""},
{"Item":"Gem of Lancer","Number":5,"Area":"Fuyuki","Quest":"Unknown Coordinates X-C","AP_per_Run":4,"BP_AP":23.4,"AP_per_Drop":26.3,"Drop_Chance":15.2,"Image":""},
{"Item":"Gem of Rider","Number":1,"Area":"Chaldea Gate (Thu)","Quest":"THU Rider Training Ground- Nov","AP_per_Run":10,"BP_AP":19.4,"AP_per_Drop":8.3,"Drop_Chance":119.8,"Image":"https://cirnopedia.org/fate-go/icons/item/item_044.png"},
{"Item":"Gem of Rider","Number":2,"Area":"Orleans","Quest":"Thiers","AP_per_Run":7,"BP_AP":31.3,"AP_per_Drop":16.4,"Drop_Chance":42.6,"Image":""},
{"Item":"Gem of Rider","Number":3,"Area":"Orleans","Quest":"La Charite","AP_per_Run":7,"BP_AP":27.7,"AP_per_Drop":19.8,"Drop_Chance":35.3,"Image":""},
{"Item":"Gem of Rider","Number":4,"Area":"Chaldea Gate (Thu)","Quest":"THU Rider Training Ground- Int","AP_per_Run":20,"BP_AP":19.1,"AP_per_Drop":21.5,"Drop_Chance":93,"Image":""},
{"Item":"Gem of Rider","Number":5,"Area":"Okeanos","Quest":"Island of Wyverns","AP_per_Run":14,"BP_AP":38.8,"AP_per_Drop":32.9,"Drop_Chance":42.6,"Image":""},
{"Item":"Gem of Caster","Number":1,"Area":"Chaldea Gate (Fri)","Quest":"FRI Caster Training Ground- Nov","AP_per_Run":10,"BP_AP":19.4,"AP_per_Drop":8,"Drop_Chance":124.5,"Image":"https://cirnopedia.org/fate-go/icons/item/item_045.png"},
{"Item":"Gem of Caster","Number":2,"Area":"Chaldea Gate (Fri)","Quest":"FRI Caster Training Ground- Int","AP_per_Run":20,"BP_AP":19.1,"AP_per_Drop":20.7,"Drop_Chance":96.5,"Image":""},
{"Item":"Gem of Caster","Number":3,"Area":"Shinjuku","Quest":"Yoyogi 2-chome","AP_per_Run":20,"BP_AP":48.4,"AP_per_Drop":51.9,"Drop_Chance":38.5,"Image":""},
{"Item":"Gem of Caster","Number":4,"Area":"Shinjuku","Quest":"Shinjuku Imperial Garden","AP_per_Run":21,"BP_AP":50.9,"AP_per_Drop":53,"Drop_Chance":39.6,"Image":""},
{"Item":"Gem of Caster","Number":5,"Area":"Shinjuku","Quest":"Shinjuku 4-chome","AP_per_Run":21,"BP_AP":47.3,"AP_per_Drop":86.1,"Drop_Chance":24.4,"Image":""},
{"Item":"Gem of Assassin","Number":1,"Area":"Chaldea Gate (Sat)","Quest":"SAT Assassin Training Ground- Nov","AP_per_Run":10,"BP_AP":19.4,"AP_per_Drop":7.6,"Drop_Chance":130.9,"Image":"https://cirnopedia.org/fate-go/icons/item/item_046.png"},
{"Item":"Gem of Assassin","Number":2,"Area":"Chaldea Gate (Sat)","Quest":"SAT Assassin Training Ground- Int","AP_per_Run":20,"BP_AP":19.1,"AP_per_Drop":24.2,"Drop_Chance":82.6,"Image":""},
{"Item":"Gem of Assassin","Number":3,"Area":"London","Quest":"Old Street","AP_per_Run":15,"BP_AP":39.6,"AP_per_Drop":25.3,"Drop_Chance":59.3,"Image":""},
{"Item":"Gem of Assassin","Number":4,"Area":"Septem","Quest":"Mt. Etna","AP_per_Run":9,"BP_AP":29.9,"AP_per_Drop":28.8,"Drop_Chance":31.3,"Image":""},
{"Item":"Gem of Assassin","Number":5,"Area":"Orleans","Quest":"Bordeaux","AP_per_Run":7,"BP_AP":31.3,"AP_per_Drop":28.9,"Drop_Chance":24.2,"Image":""},
{"Item":"Gem of Berserker","Number":1,"Area":"Chaldea Gate (Wed)","Quest":"WED Berserker Training Ground- Nov","AP_per_Run":10,"BP_AP":19.4,"AP_per_Drop":7.5,"Drop_Chance":132.6,"Image":"https://cirnopedia.org/fate-go/icons/item/item_047.png"},
{"Item":"Gem of Berserker","Number":2,"Area":"Chaldea Gate (Wed)","Quest":"WED Berserker Training Ground- Int","AP_per_Run":20,"BP_AP":19.1,"AP_per_Drop":16.1,"Drop_Chance":124,"Image":""},
{"Item":"Gem of Berserker","Number":3,"Area":"Salem","Quest":"Gallow Hill","AP_per_Run":21,"BP_AP":49.7,"AP_per_Drop":57.7,"Drop_Chance":36.4,"Image":""},
{"Item":"Gem of Berserker","Number":4,"Area":"Septem","Quest":"Gaul","AP_per_Run":9,"BP_AP":32.6,"AP_per_Drop":58.9,"Drop_Chance":15.3,"Image":""},
{"Item":"Gem of Berserker","Number":5,"Area":"Agartha","Quest":"Peach Blossom Spring","AP_per_Run":21,"BP_AP":47.3,"AP_per_Drop":69.8,"Drop_Chance":30.1,"Image":""},
{"Item":"Saber Monument","Number":1,"Area":"Chaldea Gate (Sun)","Quest":"SUN Saber Training Ground- Exp","AP_per_Run":40,"BP_AP":20.5,"AP_per_Drop":76.8,"Drop_Chance":52.1,"Image":"https://cirnopedia.org/fate-go/icons/item/item_033.png"},
{"Item":"Saber Monument","Number":2,"Area":"Chaldea Gate (Sun)","Quest":"SUN Saber Training Ground- Adv","AP_per_Run":30,"BP_AP":19,"AP_per_Drop":86.8,"Drop_Chance":34.6,"Image":""},
{"Item":"Saber Monument","Number":3,"Area":"Chaldea Gate (Sun)","Quest":"SUN Saber Training Ground- Int","AP_per_Run":20,"BP_AP":19.1,"AP_per_Drop":233.5,"Drop_Chance":8.6,"Image":""},
{"Item":"Saber Monument","Number":4,"Area":"Chaldea Gate (Sun)","Quest":"SUN Saber Training Ground- Nov","AP_per_Run":10,"BP_AP":19.4,"AP_per_Drop":436.8,"Drop_Chance":2.3,"Image":""},
{"Item":"Saber Monument","Number":5,"Area":"Camelot","Quest":"Royal Castle","AP_per_Run":21,"BP_AP":50.9,"AP_per_Drop":441,"Drop_Chance":4.8,"Image":""},
{"Item":"Archer Monument","Number":1,"Area":"Chaldea Gate (Mon)","Quest":"MON Archer Training Ground- Exp","AP_per_Run":40,"BP_AP":20.5,"AP_per_Drop":69,"Drop_Chance":58,"Image":"https://cirnopedia.org/fate-go/icons/item/item_034.png"},
{"Item":"Archer Monument","Number":2,"Area":"Chaldea Gate (Mon)","Quest":"MON Archer Training Ground- Adv","AP_per_Run":30,"BP_AP":19,"AP_per_Drop":85.1,"Drop_Chance":35.2,"Image":""},
{"Item":"Archer Monument","Number":3,"Area":"Chaldea Gate (Mon)","Quest":"MON Archer Training Ground- Int","AP_per_Run":20,"BP_AP":19.1,"AP_per_Drop":290.8,"Drop_Chance":6.9,"Image":""},
{"Item":"Archer Monument","Number":4,"Area":"E Pluribus Unum","Quest":"Montgomery","AP_per_Run":18,"BP_AP":44.1,"AP_per_Drop":336,"Drop_Chance":5.4,"Image":""},
{"Item":"Archer Monument","Number":5,"Area":"Chaldea Gate (Mon)","Quest":"MON Archer Training Ground- Nov","AP_per_Run":10,"BP_AP":19.4,"AP_per_Drop":556.1,"Drop_Chance":1.8,"Image":""},
{"Item":"Lancer Monument","Number":1,"Area":"Chaldea Gate (Tue)","Quest":"TUE Lancer Training Ground- Exp","AP_per_Run":40,"BP_AP":20.5,"AP_per_Drop":72.1,"Drop_Chance":55.5,"Image":"https://cirnopedia.org/fate-go/icons/item/item_035.png"},
{"Item":"Lancer Monument","Number":2,"Area":"Chaldea Gate (Tue)","Quest":"TUE Lancer Training Ground- Adv","AP_per_Run":30,"BP_AP":19,"AP_per_Drop":85.3,"Drop_Chance":35.2,"Image":""},
{"Item":"Lancer Monument","Number":3,"Area":"E Pluribus Unum","Quest":"Riverton","AP_per_Run":17,"BP_AP":42.3,"AP_per_Drop":218.3,"Drop_Chance":7.8,"Image":""},
{"Item":"Lancer Monument","Number":4,"Area":"E Pluribus Unum","Quest":"Denver","AP_per_Run":17,"BP_AP":42.3,"AP_per_Drop":221,"Drop_Chance":7.7,"Image":""},
{"Item":"Lancer Monument","Number":5,"Area":"Chaldea Gate (Tue)","Quest":"TUE Lancer Training Ground- Int","AP_per_Run":20,"BP_AP":19.1,"AP_per_Drop":249.6,"Drop_Chance":8,"Image":""},
{"Item":"Rider Monument","Number":1,"Area":"Chaldea Gate (Thu)","Quest":"THU Rider Training Ground- Exp","AP_per_Run":40,"BP_AP":20.5,"AP_per_Drop":68.3,"Drop_Chance":58.5,"Image":"https://cirnopedia.org/fate-go/icons/item/item_036.png"},
{"Item":"Rider Monument","Number":2,"Area":"Chaldea Gate (Thu)","Quest":"THU Rider Training Ground- Adv","AP_per_Run":30,"BP_AP":19,"AP_per_Drop":77.3,"Drop_Chance":40.7,"Image":""},
{"Item":"Rider Monument","Number":3,"Area":"Chaldea Gate (Thu)","Quest":"THU Rider Training Ground- Int","AP_per_Run":20,"BP_AP":19.1,"AP_per_Drop":287.5,"Drop_Chance":7,"Image":""},
{"Item":"Rider Monument","Number":4,"Area":"Chaldea Gate (Thu)","Quest":"THU Rider Training Ground- Nov","AP_per_Run":10,"BP_AP":19.4,"AP_per_Drop":528,"Drop_Chance":1.9,"Image":""},
{"Item":"Rider Monument","Number":5,"Area":"Okeanos","Quest":"Pirate Island","AP_per_Run":13,"BP_AP":34.1,"AP_per_Drop":552.5,"Drop_Chance":2.4,"Image":""},
{"Item":"Caster Monument","Number":1,"Area":"Chaldea Gate (Fri)","Quest":"FRI Caster Training Ground- Exp","AP_per_Run":40,"BP_AP":20.5,"AP_per_Drop":70.5,"Drop_Chance":56.7,"Image":"https://cirnopedia.org/fate-go/icons/item/item_037.png"},
{"Item":"Caster Monument","Number":2,"Area":"Chaldea Gate (Fri)","Quest":"FRI Caster Training Ground- Adv","AP_per_Run":30,"BP_AP":19,"AP_per_Drop":92.9,"Drop_Chance":32.3,"Image":""},
{"Item":"Caster Monument","Number":3,"Area":"Chaldea Gate (Fri)","Quest":"FRI Caster Training Ground- Int","AP_per_Run":20,"BP_AP":19.1,"AP_per_Drop":279.7,"Drop_Chance":7.2,"Image":""},
{"Item":"Caster Monument","Number":4,"Area":"London","Quest":"Westminster","AP_per_Run":16,"BP_AP":38.7,"AP_per_Drop":320,"Drop_Chance":5,"Image":""},
{"Item":"Caster Monument","Number":5,"Area":"Chaldea Gate (Fri)","Quest":"FRI Caster Training Ground- Nov","AP_per_Run":10,"BP_AP":19.4,"AP_per_Drop":510,"Drop_Chance":2,"Image":""},
{"Item":"Assassin Monument","Number":1,"Area":"Chaldea Gate (Sat)","Quest":"SAT Assassin Training Ground- Exp","AP_per_Run":40,"BP_AP":20.5,"AP_per_Drop":69,"Drop_Chance":57.9,"Image":"https://cirnopedia.org/fate-go/icons/item/item_038.png"},
{"Item":"Assassin Monument","Number":2,"Area":"Chaldea Gate (Sat)","Quest":"SAT Assassin Training Ground- Adv","AP_per_Run":30,"BP_AP":19,"AP_per_Drop":79.7,"Drop_Chance":37.6,"Image":""},
{"Item":"Assassin Monument","Number":3,"Area":"Chaldea Gate (Sat)","Quest":"SAT Assassin Training Ground- Int","AP_per_Run":20,"BP_AP":19.1,"AP_per_Drop":237.3,"Drop_Chance":8.4,"Image":""},
{"Item":"Assassin Monument","Number":4,"Area":"Chaldea Gate (Sat)","Quest":"SAT Assassin Training Ground- Nov","AP_per_Run":10,"BP_AP":19.4,"AP_per_Drop":403.3,"Drop_Chance":2.5,"Image":""},
{"Item":"Assassin Monument","Number":5,"Area":"Camelot","Quest":"West Village Ruins","AP_per_Run":20,"BP_AP":44.7,"AP_per_Drop":495.4,"Drop_Chance":4,"Image":""},
{"Item":"Berserker Monument","Number":1,"Area":"Chaldea Gate (Wed)","Quest":"WED Berserker Training Ground- Exp","AP_per_Run":40,"BP_AP":20.5,"AP_per_Drop":70.9,"Drop_Chance":56.4,"Image":"https://cirnopedia.org/fate-go/icons/item/item_039.png"},
{"Item":"Berserker Monument","Number":2,"Area":"Chaldea Gate (Wed)","Quest":"WED Berserker Training Ground- Adv","AP_per_Run":30,"BP_AP":19,"AP_per_Drop":73.7,"Drop_Chance":40.7,"Image":""},
{"Item":"Berserker Monument","Number":3,"Area":"E Pluribus Unum","Quest":"Charlotte","AP_per_Run":20,"BP_AP":47.2,"AP_per_Drop":169.2,"Drop_Chance":11.8,"Image":""},
{"Item":"Berserker Monument","Number":4,"Area":"Chaldea Gate (Wed)","Quest":"WED Berserker Training Ground- Int","AP_per_Run":20,"BP_AP":19.1,"AP_per_Drop":261.9,"Drop_Chance":7.6,"Image":""},
{"Item":"Berserker Monument","Number":5,"Area":"Chaldea Gate (Wed)","Quest":"WED Berserker Training Ground- Nov","AP_per_Run":10,"BP_AP":19.4,"AP_per_Drop":654.2,"Drop_Chance":1.5,"Image":""},
{"Item":"Saber Piece","Number":1,"Area":"Chaldea Gate (Sun)","Quest":"SUN Saber Training Ground- Int","AP_per_Run":20,"BP_AP":19.1,"AP_per_Drop":28.7,"Drop_Chance":69.6,"Image":"https://cirnopedia.org/fate-go/icons/item/item_025.png"},
{"Item":"Saber Piece","Number":2,"Area":"Chaldea Gate (Sun)","Quest":"SUN Saber Training Ground- Adv","AP_per_Run":30,"BP_AP":19,"AP_per_Drop":30.1,"Drop_Chance":99.8,"Image":""},
{"Item":"Saber Piece","Number":3,"Area":"Chaldea Gate (Sun)","Quest":"SUN Saber Training Ground- Nov","AP_per_Run":10,"BP_AP":19.4,"AP_per_Drop":45.9,"Drop_Chance":21.8,"Image":""},
{"Item":"Saber Piece","Number":4,"Area":"Chaldea Gate (Sun)","Quest":"SUN Saber Training Ground- Exp","AP_per_Run":40,"BP_AP":20.5,"AP_per_Drop":53.9,"Drop_Chance":74.2,"Image":""},
{"Item":"Saber Piece","Number":5,"Area":"Fuyuki","Quest":"Mobile Coordinate No.0","AP_per_Run":7,"BP_AP":27.7,"AP_per_Drop":92.5,"Drop_Chance":7.6,"Image":""},
{"Item":"Archer Piece","Number":1,"Area":"Chaldea Gate (Mon)","Quest":"MON Archer Training Ground- Adv","AP_per_Run":30,"BP_AP":19,"AP_per_Drop":28.9,"Drop_Chance":103.9,"Image":"https://cirnopedia.org/fate-go/icons/item/item_026.png"},
{"Item":"Archer Piece","Number":2,"Area":"Chaldea Gate (Mon)","Quest":"MON Archer Training Ground- Int","AP_per_Run":20,"BP_AP":19.1,"AP_per_Drop":29.7,"Drop_Chance":67.3,"Image":""},
{"Item":"Archer Piece","Number":3,"Area":"Chaldea Gate (Mon)","Quest":"MON Archer Training Ground- Nov","AP_per_Run":10,"BP_AP":19.4,"AP_per_Drop":44.9,"Drop_Chance":22.3,"Image":""},
{"Item":"Archer Piece","Number":4,"Area":"Chaldea Gate (Mon)","Quest":"MON Archer Training Ground- Exp","AP_per_Run":40,"BP_AP":20.5,"AP_per_Drop":49.7,"Drop_Chance":80.4,"Image":""},
{"Item":"Archer Piece","Number":5,"Area":"E Pluribus Unum","Quest":"Montgomery","AP_per_Run":18,"BP_AP":44.1,"AP_per_Drop":176.4,"Drop_Chance":10.2,"Image":""},
{"Item":"Lancer Piece","Number":1,"Area":"Chaldea Gate (Tue)","Quest":"TUE Lancer Training Ground- Int","AP_per_Run":20,"BP_AP":19.1,"AP_per_Drop":28.1,"Drop_Chance":71.2,"Image":"https://cirnopedia.org/fate-go/icons/item/item_027.png"},
{"Item":"Lancer Piece","Number":2,"Area":"Chaldea Gate (Tue)","Quest":"TUE Lancer Training Ground- Adv","AP_per_Run":30,"BP_AP":19,"AP_per_Drop":30.5,"Drop_Chance":98.5,"Image":""},
{"Item":"Lancer Piece","Number":3,"Area":"Chaldea Gate (Tue)","Quest":"TUE Lancer Training Ground- Nov","AP_per_Run":10,"BP_AP":19.4,"AP_per_Drop":42.6,"Drop_Chance":23.5,"Image":""},
{"Item":"Lancer Piece","Number":4,"Area":"Chaldea Gate (Tue)","Quest":"TUE Lancer Training Ground- Exp","AP_per_Run":40,"BP_AP":20.5,"AP_per_Drop":51.8,"Drop_Chance":77.2,"Image":""},
{"Item":"Lancer Piece","Number":5,"Area":"E Pluribus Unum","Quest":"Riverton","AP_per_Run":17,"BP_AP":42.3,"AP_per_Drop":81.3,"Drop_Chance":20.9,"Image":""},
{"Item":"Rider Piece","Number":1,"Area":"Chaldea Gate (Thu)","Quest":"THU Rider Training Ground- Int","AP_per_Run":20,"BP_AP":19.1,"AP_per_Drop":28.6,"Drop_Chance":70,"Image":"https://cirnopedia.org/fate-go/icons/item/item_028.png"},
{"Item":"Rider Piece","Number":2,"Area":"Chaldea Gate (Thu)","Quest":"THU Rider Training Ground- Adv","AP_per_Run":30,"BP_AP":19,"AP_per_Drop":29.4,"Drop_Chance":102.8,"Image":""},
{"Item":"Rider Piece","Number":3,"Area":"Chaldea Gate (Thu)","Quest":"THU Rider Training Ground- Nov","AP_per_Run":10,"BP_AP":19.4,"AP_per_Drop":45.3,"Drop_Chance":22.1,"Image":""},
{"Item":"Rider Piece","Number":4,"Area":"Chaldea Gate (Thu)","Quest":"THU Rider Training Ground- Exp","AP_per_Run":40,"BP_AP":20.5,"AP_per_Drop":51.4,"Drop_Chance":77.8,"Image":""},
{"Item":"Rider Piece","Number":5,"Area":"Orleans","Quest":"Jura","AP_per_Run":7,"BP_AP":31.3,"AP_per_Drop":54.3,"Drop_Chance":12.9,"Image":""},
{"Item":"Caster Piece","Number":1,"Area":"Chaldea Gate (Fri)","Quest":"FRI Caster Training Ground- Int","AP_per_Run":20,"BP_AP":19.1,"AP_per_Drop":24.1,"Drop_Chance":82.9,"Image":"https://cirnopedia.org/fate-go/icons/item/item_029.png"},
{"Item":"Caster Piece","Number":2,"Area":"Chaldea Gate (Fri)","Quest":"FRI Caster Training Ground- Nov","AP_per_Run":10,"BP_AP":19.4,"AP_per_Drop":30.1,"Drop_Chance":33.3,"Image":""},
{"Item":"Caster Piece","Number":3,"Area":"Chaldea Gate (Fri)","Quest":"FRI Caster Training Ground- Adv","AP_per_Run":30,"BP_AP":19,"AP_per_Drop":31.1,"Drop_Chance":96.4,"Image":""},
{"Item":"Caster Piece","Number":4,"Area":"Chaldea Gate (Fri)","Quest":"FRI Caster Training Ground- Exp","AP_per_Run":40,"BP_AP":20.5,"AP_per_Drop":49.7,"Drop_Chance":80.4,"Image":""},
{"Item":"Caster Piece","Number":5,"Area":"Orleans","Quest":"Orleans","AP_per_Run":8,"BP_AP":30.5,"AP_per_Drop":75,"Drop_Chance":10.7,"Image":""},
{"Item":"Assassin Piece","Number":1,"Area":"Chaldea Gate (Sat)","Quest":"SAT Assassin Training Ground- Int","AP_per_Run":20,"BP_AP":19.1,"AP_per_Drop":28.9,"Drop_Chance":69.2,"Image":"https://cirnopedia.org/fate-go/icons/item/item_030.png"},
{"Item":"Assassin Piece","Number":2,"Area":"Chaldea Gate (Sat)","Quest":"SAT Assassin Training Ground- Adv","AP_per_Run":30,"BP_AP":19,"AP_per_Drop":29.3,"Drop_Chance":102.4,"Image":""},
{"Item":"Assassin Piece","Number":3,"Area":"Chaldea Gate (Sat)","Quest":"SAT Assassin Training Ground- Nov","AP_per_Run":10,"BP_AP":19.4,"AP_per_Drop":35.8,"Drop_Chance":27.9,"Image":""},
{"Item":"Assassin Piece","Number":4,"Area":"Orleans","Quest":"Lyon","AP_per_Run":7,"BP_AP":31.3,"AP_per_Drop":48.7,"Drop_Chance":14.4,"Image":""},
{"Item":"Assassin Piece","Number":5,"Area":"Chaldea Gate (Sat)","Quest":"SAT Assassin Training Ground- Exp","AP_per_Run":40,"BP_AP":20.5,"AP_per_Drop":49.6,"Drop_Chance":80.7,"Image":""},
{"Item":"Berserker Piece","Number":1,"Area":"Chaldea Gate (Wed)","Quest":"WED Berserker Training Ground- Int","AP_per_Run":20,"BP_AP":19.1,"AP_per_Drop":27.2,"Drop_Chance":73.6,"Image":"https://cirnopedia.org/fate-go/icons/item/item_031.png"},
{"Item":"Berserker Piece","Number":2,"Area":"Chaldea Gate (Wed)","Quest":"WED Berserker Training Ground- Adv","AP_per_Run":30,"BP_AP":19,"AP_per_Drop":29.2,"Drop_Chance":102.8,"Image":""},
{"Item":"Berserker Piece","Number":3,"Area":"Chaldea Gate (Wed)","Quest":"WED Berserker Training Ground- Exp","AP_per_Run":40,"BP_AP":20.5,"AP_per_Drop":47.3,"Drop_Chance":84.5,"Image":""},
{"Item":"Berserker Piece","Number":4,"Area":"Chaldea Gate (Wed)","Quest":"WED Berserker Training Ground- Nov","AP_per_Run":10,"BP_AP":19.4,"AP_per_Drop":53.4,"Drop_Chance":18.7,"Image":""},
{"Item":"Berserker Piece","Number":5,"Area":"E Pluribus Unum","Quest":"Charlotte","AP_per_Run":20,"BP_AP":47.2,"AP_per_Drop":70.3,"Drop_Chance":28.5,"Image":""}]
