[{"saName":"Argas","fgoName":"Eskra","friendId":770054895,"servantSupportList":"Raiko, Merlin, Ozy, Scathach, Gilgamesh"},{"saName":"Baal","fgoName":"Baal","friendId":988313267},{"saName":"Miltith75","fgoName":"Charlie","friendId":576659814,"servantSupportList":"Musashi, Archuria, Lancuria, Drake, Waver, Jack, Cu Alter, Holmes"},{"saName":"Argas","fgoName":"Hakumei","friendId":"066 878 110","servantSupportList":"Musashi, Nero Caster, Jeanne Alter"},{"saName":"SpaceDrake","fgoName":"Ritsuko","friendId":"593.320,516","servantSupportList":"NP2 Merlin, L90 Santa Alter, L90 Passionlip, Jack, Lancer Tamamo","note":"List typically updated for seasonals; NP2 Merlin is constant\n"},{"saName":"InfinityComplex","fgoName":"Saetri","friendId":855769817},{"saName":"Unusual","fgoName":"Unusual","friendId":"057 376 989","servantSupportList":"Waver, Gil, A bunch of other stuff"},{"saName":"Dryzen","fgoName":"凶獣 (it's pink)","friendId":833579188,"servantSupportList":"Jalter, Shuten、Musa"},{"saName":"HiveCommander","fgoName":"Burokku","friendId":650720124,"note":"Waver and Merlin continue to elude me"},{"saName":"GodofDiscord","fgoName":"DiskyFrisbee","friendId":875752794},{"saName":"Overlord K","fgoName":"Edward","friendId":"048 180 880","servantSupportList":"Cuzilla, Ozy, Merlin, Raikou"},{"saName":"Raenir Salazar","fgoName":"Iriael","friendId":25418607,"servantSupportList":"Ishtar, Mordred, Scathach, Waver","note":"I am a benign god of shepards..."},{"saName":"Marin Karin","fgoName":"August","friendId":"870 463 749","servantSupportList":"Jalter, Waver, Raikou"},{"saName":"TheFireMagi","fgoName":"TheFireMagi","friendId":465218279,"servantSupportList":"https://i.imgur.com/73pqhzd.png"},{"saName":"BlondRobin","fgoName":"ロビン","friendId":289983677,"servantSupportList":"Lv90 BB, Alteria, Arjuna, Liz, Quetz, Castergamesh, Wu Zetian, Passionlip"},{"saName":"taser rates","fgoName":"agrajag","friendId":201800148,"servantSupportList":"Holmes, Saberlot, Fujino, Inshun, Summer Ish, Helena, Summer Nobu, Hokusai"},{"saName":"WT_Fits","fgoName":"W.T. Fits","friendId":271476609,"servantSupportList":"Gawain, Saberlot, Rice Bro, Cu Chulainn, St. George, Andersen, Kotarou, Tamacat, Lewd Nun","note":"Stupid newbie in JP"},{"saName":"GlenQuagmire","fgoName":"Rev","friendId":512893746,"servantSupportList":"Holmes, Rama, Gil, Scathach, Medb, CasGil, Cleo, Angry Cat, Hokusai","note":"fou fou fou fou"},{"saName":"Surprisingly Bitter","fgoName":"Briller","friendId":242703049,"servantSupportList":"Musashi, Majin Okita, Waver"},{"saName":"Compendium","fgoName":"Saya","friendId":308231712,"servantSupportList":"Merlin, Melt, Holmes, Old Man Hassan, Iskander ","note":"HELP (List changes for events)"},{"saName":"PlasticAutomaton","fgoName":"Plastic","friendId":"751.562.431","servantSupportList":"Arthur, Bedi, Emiya, Doggo, Ozy, Medea, Fuuma, Nyan Alter, Mashu","note":"Slightly less stupid newbie now."},{"saName":"genericnick","fgoName":"generic","friendId":339573898,"servantSupportList":"Jalter, Squirtoria, Lalter, Swordsalot, Jack, Tamamo, Nightingale, Abi"},{"saName":"Kyte","fgoName":"Kyte","friendId":"073,368,820","servantSupportList":"https://i.imgur.com/iLX98PP.jpg","note":"Not listed: Merlin, Maid Alter, Umu Tenga, Boobtoria, Scach, Ishtar, Void, Melt, Lip, Kiara, Cleo, Orion, Mikon, Sanzou, Semi, Holmes"},{"saName":"Renzy","fgoName":"Renzyal","friendId":168323348,"servantSupportList":"https://imgur.com/igj71nG"},{"saName":"GlassHouses","fgoName":"アリアス","friendId":651848365,"servantSupportList":"Amakusa, Lancelot, Medusa, Sanzo, Nightingale"}]