[{"ID":1,"Rarity":4,"Upgrade":1,"Name":"Mash Kyrielight","Class":"Shielder","Type":"Arts","Target":"AoE","NP1":"","NP2":"","NP3":"","NP4":"","NP5":"","SpecialEffect":"","SE1":"","SE2":"","SE3":"","SE4":"","SE5":""},
{"ID":2,"Rarity":5,"Upgrade":1,"Name":"Artoria Pendragon","Class":"Saber","Type":"Buster","Target":"AoE","NP1":29851,"NP2":37314,"NP3":41045,"NP4":42911,"NP5":44777,"SpecialEffect":"-","SE1":"","SE2":"","SE3":"","SE4":"","SE5":""},
{"ID":3,"Rarity":4,"Upgrade":0,"Name":"Artoria Pendragon [Alter]","Class":"Saber","Type":"Buster","Target":"AoE","NP1":29337,"NP2":35856,"NP3":39116,"NP4":40746,"NP5":42376,"SpecialEffect":"-","SE1":"","SE2":"","SE3":"","SE4":"","SE5":""},
{"ID":4,"Rarity":4,"Upgrade":1,"Name":"Artoria Pendragon [Lily]","Class":"Saber","Type":"Buster","Target":"AoE","NP1":18063,"NP2":24836,"NP3":28223,"NP4":29917,"NP5":31610,"SpecialEffect":"-","SE1":"","SE2":"","SE3":"","SE4":"","SE5":""},
{"ID":5,"Rarity":4,"Upgrade":1,"Name":"Nero Claudius","Class":"Saber","Type":"Arts","Target":"AoE","NP1":20764,"NP2":25955,"NP3":28551,"NP4":29849,"NP5":31146,"SpecialEffect":"-","SE1":"","SE2":"","SE3":"","SE4":"","SE5":""},
{"ID":6,"Rarity":4,"Upgrade":1,"Name":"Siegfried","Class":"Saber","Type":"Buster","Target":"AoE","NP1":19005,"NP2":23756,"NP3":26131,"NP4":27319,"NP5":28507,"SpecialEffect":"Dragon","SE1":51313,"SE2":64141,"SE3":70555,"SE4":73762,"SE5":76969},
{"ID":7,"Rarity":3,"Upgrade":0,"Name":"Gaius Julius Caesar","Class":"Saber","Type":"Quick","Target":"Single","NP1":27860,"NP2":37105,"NP3":41728,"NP4":44039,"NP5":46350,"SpecialEffect":"-","SE1":"","SE2":"","SE3":"","SE4":"","SE5":""},
{"ID":8,"Rarity":5,"Upgrade":1,"Name":"Attila","Class":"Saber","Type":"Buster","Target":"AoE","NP1":28421,"NP2":35483,"NP3":39013,"NP4":40779,"NP5":42544,"SpecialEffect":"-","SE1":"","SE2":"","SE3":"","SE4":"","SE5":""},
{"ID":9,"Rarity":3,"Upgrade":0,"Name":"Gilles de Rais","Class":"Saber","Type":"Arts","Target":"Single","NP1":"","NP2":"","NP3":"","NP4":"","NP5":"","SpecialEffect":"","SE1":"","SE2":"","SE3":"","SE4":"","SE5":""},
{"ID":10,"Rarity":4,"Upgrade":1,"Name":"Chevalier D'Eon","Class":"Saber","Type":"Arts","Target":"AoE","NP1":"","NP2":"","NP3":"","NP4":"","NP5":"","SpecialEffect":"","SE1":"","SE2":"","SE3":"","SE4":"","SE5":""},
{"ID":11,"Rarity":4,"Upgrade":1,"Name":"Emiya","Class":"Archer","Type":"Buster","Target":"AoE","NP1":19084,"NP2":23856,"NP3":26241,"NP4":27434,"NP5":28627,"SpecialEffect":"-","SE1":"","SE2":"","SE3":"","SE4":"","SE5":""},
{"ID":12,"Rarity":5,"Upgrade":1,"Name":"Gilgamesh","Class":"Archer","Type":"Buster","Target":"AoE","NP1":27561,"NP2":34408,"NP3":37831,"NP4":39542,"NP5":41254,"SpecialEffect":"Servant","SE1":41254,"SE2":51524,"SE3":56659,"SE4":59226,"SE5":61794},
{"ID":13,"Rarity":3,"Upgrade":0,"Name":"Robin Hood","Class":"Archer","Type":"Arts","Target":"Single","NP1":15172,"NP2":20229,"NP3":22757,"NP4":24022,"NP5":25286,"SpecialEffect":"Debuff : Poison","SE1":30343,"SE2":40457,"SE3":45515,"SE4":48043,"SE5":50572},
{"ID":14,"Rarity":4,"Upgrade":1,"Name":"Atalanta","Class":"Archer","Type":"Quick","Target":"AoE","NP1":20206,"NP2":25258,"NP3":27783,"NP4":29046,"NP5":30309,"SpecialEffect":"-","SE1":"","SE2":"","SE3":"","SE4":"","SE5":""},
{"ID":15,"Rarity":3,"Upgrade":1,"Name":"Euryale","Class":"Archer","Type":"Arts","Target":"Single","NP1":27678,"NP2":27678,"NP3":27678,"NP4":27678,"NP5":27678,"SpecialEffect":"Male","SE1":41367,"SE2":55056,"SE3":61900,"SE4":65322,"SE5":68745},
{"ID":16,"Rarity":1,"Upgrade":1,"Name":"Arash","Class":"Archer","Type":"Buster","Target":"AoE","NP1":17872,"NP2":22339,"NP3":24573,"NP4":25690,"NP5":26807,"SpecialEffect":"-","SE1":"","SE2":"","SE3":"","SE4":"","SE5":""},
{"ID":17,"Rarity":3,"Upgrade":1,"Name":"Cu Chulainn","Class":"Lancer","Type":"Quick","Target":"Single","NP1":25643,"NP2":32010,"NP3":35194,"NP4":36786,"NP5":38378,"SpecialEffect":"-","SE1":"","SE2":"","SE3":"","SE4":"","SE5":""},
{"ID":18,"Rarity":4,"Upgrade":1,"Name":"Elizabeth Bathory","Class":"Lancer","Type":"Buster","Target":"AoE","NP1":20533,"NP2":25667,"NP3":28234,"NP4":29517,"NP5":30800,"SpecialEffect":"-","SE1":"","SE2":"","SE3":"","SE4":"","SE5":""},
{"ID":19,"Rarity":2,"Upgrade":0,"Name":"Musashibou Benkei","Class":"Lancer","Type":"Arts","Target":"AoE","NP1":"","NP2":"","NP3":"","NP4":"","NP5":"","SpecialEffect":"","SE1":"","SE2":"","SE3":"","SE4":"","SE5":""},
{"ID":20,"Rarity":3,"Upgrade":0,"Name":"Cu Chulainn [Prototype]","Class":"Lancer","Type":"Quick","Target":"Single","NP1":18912,"NP2":25158,"NP3":28281,"NP4":29842,"NP5":31404,"SpecialEffect":"Beast","SE1":37650,"SE2":50141,"SE3":56387,"SE4":59510,"SE5":62633},
{"ID":21,"Rarity":2,"Upgrade":0,"Name":"Leonidas I","Class":"Lancer","Type":"Buster","Target":"Single","NP1":"","NP2":"","NP3":"","NP4":"","NP5":"","SpecialEffect":"","SE1":"","SE2":"","SE3":"","SE4":"","SE5":""},
{"ID":22,"Rarity":3,"Upgrade":0,"Name":"Romulus","Class":"Lancer","Type":"Buster","Target":"AoE","NP1":16761,"NP2":22349,"NP3":25142,"NP4":26539,"NP5":27936,"SpecialEffect":"-","SE1":"","SE2":"","SE3":"","SE4":"","SE5":""},
{"ID":23,"Rarity":3,"Upgrade":1,"Name":"Medusa","Class":"Rider","Type":"Quick","Target":"AoE","NP1":17513,"NP2":21867,"NP3":24044,"NP4":25133,"NP5":26221,"SpecialEffect":"-","SE1":"","SE2":"","SE3":"","SE4":"","SE5":""},
{"ID":24,"Rarity":2,"Upgrade":0,"Name":"George","Class":"Rider","Type":"Arts","Target":"Single","NP1":12909,"NP2":17211,"NP3":19363,"NP4":20438,"NP5":21514,"SpecialEffect":"-","SE1":"","SE2":"","SE3":"","SE4":"","SE5":""},
{"ID":25,"Rarity":2,"Upgrade":1,"Name":"Edward Teach","Class":"Rider","Type":"Buster","Target":"AoE","NP1":16454,"NP2":20568,"NP3":22625,"NP4":23653,"NP5":24682,"SpecialEffect":"-","SE1":"","SE2":"","SE3":"","SE4":"","SE5":""},
{"ID":26,"Rarity":3,"Upgrade":1,"Name":"Boudica","Class":"Rider","Type":"Arts","Target":"AoE","NP1":"","NP2":"","NP3":"","NP4":"","NP5":"","SpecialEffect":"","SE1":"","SE2":"","SE3":"","SE4":"","SE5":""},
{"ID":27,"Rarity":3,"Upgrade":1,"Name":"Ushiwakamaru","Class":"Rider","Type":"Quick","Target":"Single","NP1":36441,"NP2":45551,"NP3":50106,"NP4":52384,"NP5":54662,"SpecialEffect":"-","SE1":"","SE2":"","SE3":"","SE4":"","SE5":""},
{"ID":28,"Rarity":3,"Upgrade":1,"Name":"Alexander","Class":"Rider","Type":"Quick","Target":"AoE","NP1":18791,"NP2":23464,"NP3":25800,"NP4":26968,"NP5":28137,"SpecialEffect":"-","SE1":"","SE2":"","SE3":"","SE4":"","SE5":""},
{"ID":29,"Rarity":4,"Upgrade":1,"Name":"Marie Antoinette","Class":"Rider","Type":"Quick","Target":"AoE","NP1":15184,"NP2":18980,"NP3":20878,"NP4":21827,"NP5":22776,"SpecialEffect":"-","SE1":"","SE2":"","SE3":"","SE4":"","SE5":""},
{"ID":30,"Rarity":4,"Upgrade":1,"Name":"Martha","Class":"Rider","Type":"Buster","Target":"AoE","NP1":19555,"NP2":24407,"NP3":26832,"NP4":28045,"NP5":29258,"SpecialEffect":"-","SE1":"","SE2":"","SE3":"","SE4":"","SE5":""},
{"ID":31,"Rarity":3,"Upgrade":1,"Name":"Medea","Class":"Caster","Type":"Arts","Target":"Single","NP1":11501,"NP2":14376,"NP3":15813,"NP4":16532,"NP5":17251,"SpecialEffect":"-","SE1":"","SE2":"","SE3":"","SE4":"","SE5":""},
{"ID":32,"Rarity":3,"Upgrade":0,"Name":"Gilles de Rais","Class":"Caster","Type":"Buster","Target":"AoE","NP1":6999,"NP2":9332,"NP3":10499,"NP4":11082,"NP5":11665,"SpecialEffect":"-","SE1":"","SE2":"","SE3":"","SE4":"","SE5":""},
{"ID":33,"Rarity":2,"Upgrade":1,"Name":"Hans Christian Andersen","Class":"Caster","Type":"Arts","Target":"AoE","NP1":"","NP2":"","NP3":"","NP4":"","NP5":"","SpecialEffect":"","SE1":"","SE2":"","SE3":"","SE4":"","SE5":""},
{"ID":34,"Rarity":2,"Upgrade":1,"Name":"William Shakespeare","Class":"Caster","Type":"Buster","Target":"AoE","NP1":11820,"NP2":14775,"NP3":16253,"NP4":16992,"NP5":17731,"SpecialEffect":"-","SE1":"","SE2":"","SE3":"","SE4":"","SE5":""},
{"ID":35,"Rarity":3,"Upgrade":1,"Name":"Mephistopheles","Class":"Caster","Type":"Buster","Target":"AoE","NP1":9736,"NP2":12170,"NP3":13387,"NP4":13996,"NP5":14604,"SpecialEffect":"-","SE1":"","SE2":"","SE3":"","SE4":"","SE5":""},
{"ID":36,"Rarity":1,"Upgrade":0,"Name":"Wolfgang Amadeus Mozart","Class":"Caster","Type":"Arts","Target":"AoE","NP1":"","NP2":"","NP3":"","NP4":"","NP5":"","SpecialEffect":"","SE1":"","SE2":"","SE3":"","SE4":"","SE5":""},
{"ID":37,"Rarity":5,"Upgrade":1,"Name":"Zhuge Liang [El-Melloi II]","Class":"Caster","Type":"Arts","Target":"AoE","NP1":"","NP2":"","NP3":"","NP4":"","NP5":"","SpecialEffect":"","SE1":"","SE2":"","SE3":"","SE4":"","SE5":""},
{"ID":38,"Rarity":3,"Upgrade":1,"Name":"Cu Chulainn","Class":"Caster","Type":"Buster","Target":"AoE","NP1":11472,"NP2":14297,"NP3":15709,"NP4":16415,"NP5":17121,"SpecialEffect":"-","SE1":"","SE2":"","SE3":"","SE4":"","SE5":""},
{"ID":39,"Rarity":1,"Upgrade":1,"Name":"Sasaki Kojirou","Class":"Assassin","Type":"Quick","Target":"Single","NP1":21414,"NP2":26768,"NP3":29444,"NP4":30783,"NP5":32121,"SpecialEffect":"-","SE1":"","SE2":"","SE3":"","SE4":"","SE5":""},
{"ID":40,"Rarity":2,"Upgrade":0,"Name":"Hassan of the Cursed Arm","Class":"Assassin","Type":"Quick","Target":"Single","NP1":14467,"NP2":19289,"NP3":21700,"NP4":22903,"NP5":24111,"SpecialEffect":"-","SE1":"","SE2":"","SE3":"","SE4":"","SE5":""},
{"ID":41,"Rarity":4,"Upgrade":1,"Name":"Stheno","Class":"Assassin","Type":"Buster","Target":"AoE","NP1":"","NP2":"","NP3":"","NP4":"","NP5":"","SpecialEffect":"","SE1":"","SE2":"","SE3":"","SE4":"","SE5":""},
{"ID":42,"Rarity":3,"Upgrade":1,"Name":"Jing Ke","Class":"Assassin","Type":"Quick","Target":"Single","NP1":28269,"NP2":35336,"NP3":38870,"NP4":40636,"NP5":42403,"SpecialEffect":"-","SE1":"","SE2":"","SE3":"","SE4":"","SE5":""},
{"ID":43,"Rarity":2,"Upgrade":1,"Name":"Charles-Henri Sanson","Class":"Assassin","Type":"Buster","Target":"Single","NP1":16037,"NP2":20046,"NP3":22050,"NP4":23053,"NP5":24055,"SpecialEffect":"Evil / Human","SE1":25659,"SE2":32073,"SE3":35281,"SE4":36884,"SE5":38488},
{"ID":44,"Rarity":2,"Upgrade":1,"Name":"Phantom of the Opera","Class":"Assassin","Type":"Arts","Target":"AoE","NP1":8264,"NP2":10330,"NP3":11363,"NP4":11880,"NP5":12396,"SpecialEffect":"-","SE1":"","SE2":"","SE3":"","SE4":"","SE5":""},
{"ID":45,"Rarity":1,"Upgrade":0,"Name":"Mata Hari","Class":"Assassin","Type":"Arts","Target":"AoE","NP1":"","NP2":"","NP3":"","NP4":"","NP5":"","SpecialEffect":"","SE1":"","SE2":"","SE3":"","SE4":"","SE5":""},
{"ID":46,"Rarity":4,"Upgrade":1,"Name":"Carmilla","Class":"Assassin","Type":"Buster","Target":"Single","NP1":31024,"NP2":38780,"NP3":42658,"NP4":44597,"NP5":46536,"SpecialEffect":"Female","SE1":46536,"SE2":58170,"SE3":63987,"SE4":66896,"SE5":69804},
{"ID":47,"Rarity":4,"Upgrade":0,"Name":"Heracles","Class":"Berserker","Type":"Buster","Target":"Single","NP1":37747,"NP2":50262,"NP3":56520,"NP4":59649,"NP5":62278,"SpecialEffect":"-","SE1":"","SE2":"","SE3":"","SE4":"","SE5":""},
{"ID":48,"Rarity":4,"Upgrade":0,"Name":"Lancelot","Class":"Berserker","Type":"Quick","Target":"AoE","NP1":15331,"NP2":20442,"NP3":22997,"NP4":24275,"NP5":25552,"SpecialEffect":"-","SE1":"","SE2":"","SE3":"","SE4":"","SE5":""},
{"ID":49,"Rarity":3,"Upgrade":0,"Name":"Lu Bu Fengxian","Class":"Berserker","Type":"Buster","Target":"Single","NP1":37709,"NP2":50279,"NP3":56564,"NP4":59707,"NP5":62849,"SpecialEffect":"-","SE1":"","SE2":"","SE3":"","SE4":"","SE5":""},
{"ID":50,"Rarity":1,"Upgrade":1,"Name":"Spartacus","Class":"Berserker","Type":"Buster","Target":"AoE","NP1":14013,"NP2":17516,"NP3":19267,"NP4":20143,"NP5":21019,"SpecialEffect":"-","SE1":"","SE2":"","SE3":"","SE4":"","SE5":""},
{"ID":51,"Rarity":5,"Upgrade":0,"Name":"Sakata Kintoki","Class":"Berserker","Type":"Buster","Target":"Single","NP1":47895,"NP2":63818,"NP3":71780,"NP4":75761,"NP5":79742,"SpecialEffect":"-","SE1":"","SE2":"","SE3":"","SE4":"","SE5":""},
{"ID":52,"Rarity":5,"Upgrade":1,"Name":"Vlad III","Class":"Berserker","Type":"Arts","Target":"Single","NP1":36998,"NP2":49331,"NP3":55497,"NP4":58581,"NP5":61664,"SpecialEffect":"-","SE1":"","SE2":"","SE3":"","SE4":"","SE5":""},
{"ID":53,"Rarity":1,"Upgrade":1,"Name":"Asterios","Class":"Berserker","Type":"Arts","Target":"AoE","NP1":"","NP2":"","NP3":"","NP4":"","NP5":"","SpecialEffect":"","SE1":"","SE2":"","SE3":"","SE4":"","SE5":""},
{"ID":54,"Rarity":2,"Upgrade":0,"Name":"Caligula","Class":"Berserker","Type":"Arts","Target":"AoE","NP1":"","NP2":"","NP3":"","NP4":"","NP5":"","SpecialEffect":"","SE1":"","SE2":"","SE3":"","SE4":"","SE5":""},
{"ID":55,"Rarity":3,"Upgrade":1,"Name":"Darius III","Class":"Berserker","Type":"Buster","Target":"AoE","NP1":14112,"NP2":17640,"NP3":19404,"NP4":20286,"NP5":21168,"SpecialEffect":"-","SE1":"","SE2":"","SE3":"","SE4":"","SE5":""},
{"ID":56,"Rarity":3,"Upgrade":0,"Name":"Kiyohime","Class":"Berserker","Type":"Buster","Target":"AoE","NP1":15324,"NP2":20432,"NP3":22986,"NP4":24263,"NP5":25540,"SpecialEffect":"-","SE1":"","SE2":"","SE3":"","SE4":"","SE5":""},
{"ID":57,"Rarity":2,"Upgrade":0,"Name":"Eric Bloodaxe","Class":"Berserker","Type":"Buster","Target":"AoE","NP1":14342,"NP2":19122,"NP3":21513,"NP4":22708,"NP5":23903,"SpecialEffect":"-","SE1":"","SE2":"","SE3":"","SE4":"","SE5":""},
{"ID":58,"Rarity":4,"Upgrade":1,"Name":"Tamamo Cat","Class":"Berserker","Type":"Quick","Target":"AoE","NP1":21104,"NP2":26380,"NP3":29018,"NP4":30337,"NP5":31656,"SpecialEffect":"-","SE1":"","SE2":"","SE3":"","SE4":"","SE5":""},
{"ID":59,"Rarity":5,"Upgrade":1,"Name":"Jeanne D'Arc","Class":"Ruler","Type":"Arts","Target":"AoE","NP1":"","NP2":"","NP3":"","NP4":"","NP5":"","SpecialEffect":"","SE1":"","SE2":"","SE3":"","SE4":"","SE5":""},
{"ID":60,"Rarity":5,"Upgrade":1,"Name":"Orion","Class":"Archer","Type":"Arts","Target":"Single","NP1":38093,"NP2":47617,"NP3":52379,"NP4":54759,"NP5":57140,"SpecialEffect":"Male","SE1":76187,"SE2":95234,"SE3":104757,"SE4":109519,"SE5":114280},
{"ID":61,"Rarity":4,"Upgrade":0,"Name":"Elizabeth Bathory [Halloween]","Class":"Caster","Type":"Buster","Target":"AoE","NP1":12988,"NP2":17317,"NP3":19482,"NP4":20564,"NP5":21647,"SpecialEffect":"-","SE1":"","SE2":"","SE3":"","SE4":"","SE5":""},
{"ID":62,"Rarity":5,"Upgrade":1,"Name":"Tamamo no Mae","Class":"Caster","Type":"Arts","Target":"AoE","NP1":"","NP2":"","NP3":"","NP4":"","NP5":"","SpecialEffect":"","SE1":"","SE2":"","SE3":"","SE4":"","SE5":""},
{"ID":63,"Rarity":3,"Upgrade":0,"Name":"David","Class":"Archer","Type":"Buster","Target":"Single","NP1":20272,"NP2":27029,"NP3":30407,"NP4":32097,"NP5":33789,"SpecialEffect":"-","SE1":"","SE2":"","SE3":"","SE4":"","SE5":""},
{"ID":64,"Rarity":3,"Upgrade":1,"Name":"Hector","Class":"Lancer","Type":"Buster","Target":"AoE","NP1":13441,"NP2":16801,"NP3":18481,"NP4":19321,"NP5":20161,"SpecialEffect":"-","SE1":"","SE2":"","SE3":"","SE4":"","SE5":""},
{"ID":65,"Rarity":5,"Upgrade":1,"Name":"Francis Drake","Class":"Rider","Type":"Buster","Target":"AoE","NP1":23285,"NP2":29106,"NP3":32017,"NP4":33472,"NP5":34927,"SpecialEffect":"-","SE1":"","SE2":"","SE3":"","SE4":"","SE5":""},
{"ID":66,"Rarity":4,"Upgrade":1,"Name":"Anne Bonny & Mary Read","Class":"Rider","Type":"Quick","Target":"Single","NP1":38383,"NP2":47979,"NP3":52777,"NP4":55176,"NP5":57574,"SpecialEffect":"HP 1","SE1":67170,"SE2":76766,"SE3":81564,"SE4":83963,"SE5":86362},
{"ID":67,"Rarity":4,"Upgrade":1,"Name":"Medea [Lily]","Class":"Caster","Type":"Arts","Target":"AoE","NP1":"","NP2":"","NP3":"","NP4":"","NP5":"","SpecialEffect":"","SE1":"","SE2":"","SE3":"","SE4":"","SE5":""},
{"ID":68,"Rarity":5,"Upgrade":0,"Name":"Okita Souji","Class":"Saber","Type":"Quick","Target":"Single","NP1":43858,"NP2":58478,"NP3":65787,"NP4":69442,"NP5":73097,"SpecialEffect":"-","SE1":"","SE2":"","SE3":"","SE4":"","SE5":""},
{"ID":69,"Rarity":4,"Upgrade":0,"Name":"Oda Nobunaga","Class":"Archer","Type":"Buster","Target":"AoE","NP1":10318,"NP2":13758,"NP3":15477,"NP4":16337,"NP5":17197,"SpecialEffect":"Divine , Riding","SE1":30955,"SE2":41273,"SE3":46432,"SE4":49012,"SE5":51591},
{"ID":70,"Rarity":5,"Upgrade":1,"Name":"Scathach","Class":"Lancer","Type":"Quick","Target":"Single","NP1":57380,"NP2":71726,"NP3":78898,"NP4":82484,"NP5":86071,"SpecialEffect":"Divine / Undead","SE1":114761,"SE2":143451,"SE3":157796,"SE4":164969,"SE5":172141},
{"ID":71,"Rarity":3,"Upgrade":1,"Name":"Diarmuid Ua Duibhne","Class":"Lancer","Type":"Quick","Target":"Single","NP1":24349,"NP2":30437,"NP3":33480,"NP4":35002,"NP5":36524,"SpecialEffect":"-","SE1":"","SE2":"","SE3":"","SE4":"","SE5":""},
{"ID":72,"Rarity":3,"Upgrade":1,"Name":"Fergus Mac Roich","Class":"Saber","Type":"Buster","Target":"AoE","NP1":15177,"NP2":18972,"NP3":20869,"NP4":21817,"NP5":22766,"SpecialEffect":"-","SE1":"","SE2":"","SE3":"","SE4":"","SE5":""},
{"ID":73,"Rarity":4,"Upgrade":0,"Name":"Artoria Pendragon [Santa Alter]","Class":"Rider","Type":"Buster","Target":"AoE","NP1":23092,"NP2":28224,"NP3":30789,"NP4":32072,"NP5":33355,"SpecialEffect":"-","SE1":"","SE2":"","SE3":"","SE4":"","SE5":""},
{"ID":74,"Rarity":4,"Upgrade":1,"Name":"Nursery Rhyme","Class":"Caster","Type":"Arts","Target":"AoE","NP1":13155,"NP2":16444,"NP3":18088,"NP4":18911,"NP5":19733,"SpecialEffect":"-","SE1":"","SE2":"","SE3":"","SE4":"","SE5":""},
{"ID":75,"Rarity":5,"Upgrade":1,"Name":"Jack the Ripper","Class":"Assassin","Type":"Quick","Target":"Single","NP1":43668,"NP2":56145,"NP3":62383,"NP4":65502,"NP5":68621,"SpecialEffect":"Female","SE1":65502,"SE2":84217,"SE3":93575,"SE4":98254,"SE5":102932},
{"ID":76,"Rarity":5,"Upgrade":1,"Name":"Mordred","Class":"Saber","Type":"Buster","Target":"AoE","NP1":26337,"NP2":32921,"NP3":36213,"NP4":37859,"NP5":39505,"SpecialEffect":"Arthur","SE1":47406,"SE2":59257,"SE3":65183,"SE4":68146,"SE5":71109},
{"ID":77,"Rarity":5,"Upgrade":1,"Name":"Nikola Tesla","Class":"Archer","Type":"Buster","Target":"AoE","NP1":26139,"NP2":32674,"NP3":35941,"NP4":37575,"NP5":39209,"SpecialEffect":"Earth / Sky","SE1":39209,"SE2":49011,"SE3":53912,"SE4":56363,"SE5":58813},
{"ID":78,"Rarity":4,"Upgrade":1,"Name":"Artoria Pendragon [Alter]","Class":"Lancer","Type":"Buster","Target":"AoE","NP1":27590,"NP2":34487,"NP3":37936,"NP4":39660,"NP5":41384,"SpecialEffect":"-","SE1":"","SE2":"","SE3":"","SE4":"","SE5":""},
{"ID":79,"Rarity":3,"Upgrade":1,"Name":"Paracelsus Von Hohenheim","Class":"Caster","Type":"Arts","Target":"AoE","NP1":8300,"NP2":10375,"NP3":11413,"NP4":11931,"NP5":12450,"SpecialEffect":"-","SE1":"","SE2":"","SE3":"","SE4":"","SE5":""},
{"ID":80,"Rarity":3,"Upgrade":1,"Name":"Charles Babbage","Class":"Caster","Type":"Buster","Target":"AoE","NP1":15206,"NP2":19007,"NP3":20908,"NP4":21858,"NP5":22809,"SpecialEffect":"-","SE1":"","SE2":"","SE3":"","SE4":"","SE5":""},
{"ID":81,"Rarity":3,"Upgrade":1,"Name":"Henry Jekyll & Hyde","Class":"Assassin","Type":"Buster","Target":"Single","NP1":"","NP2":"","NP3":"","NP4":"","NP5":"","SpecialEffect":"","SE1":"","SE2":"","SE3":"","SE4":"","SE5":""},
{"ID":82,"Rarity":4,"Upgrade":1,"Name":"Frankenstein","Class":"Berserker","Type":"Quick","Target":"AoE","NP1":32143,"NP2":39285,"NP3":42857,"NP4":44643,"NP5":46428,"SpecialEffect":"-","SE1":"","SE2":"","SE3":"","SE4":"","SE5":""},
{"ID":84,"Rarity":5,"Upgrade":1,"Name":"Arjuna","Class":"Archer","Type":"Buster","Target":"AoE","NP1":27462,"NP2":34283,"NP3":37694,"NP4":39399,"NP5":41105,"SpecialEffect":"-","SE1":"","SE2":"","SE3":"","SE4":"","SE5":""},
{"ID":85,"Rarity":5,"Upgrade":1,"Name":"Karna","Class":"Lancer","Type":"Buster","Target":"AoE","NP1":29531,"NP2":36864,"NP3":40531,"NP4":42364,"NP5":44197,"SpecialEffect":"Divine","SE1":44197,"SE2":55197,"SE3":60696,"SE4":63446,"SE5":66196},
{"ID":86,"Rarity":5,"Upgrade":1,"Name":"Mysterious Heroine X","Class":"Assassin","Type":"Quick","Target":"Single","NP1":37869,"NP2":47336,"NP3":52070,"NP4":54437,"NP5":56803,"SpecialEffect":"Saber , Artoria Face","SE1":85205,"SE2":106506,"SE3":117157,"SE4":122482,"SE5":127808},
{"ID":87,"Rarity":4,"Upgrade":1,"Name":"Fionn Mac Cumhaill","Class":"Lancer","Type":"Arts","Target":"AoE","NP1":20144,"NP2":25305,"NP3":27823,"NP4":29082,"NP5":30341,"SpecialEffect":"-","SE1":"","SE2":"","SE3":"","SE4":"","SE5":""},
{"ID":88,"Rarity":5,"Upgrade":1,"Name":"Brynhildr","Class":"Lancer","Type":"Buster","Target":"Single","NP1":51890,"NP2":64838,"NP3":71311,"NP4":74548,"NP5":77785,"SpecialEffect":"Brynhildr's Beloved","SE1":77785,"SE2":97207,"SE3":106917,"SE4":111773,"SE5":116628},
{"ID":89,"Rarity":4,"Upgrade":1,"Name":"Beowulf","Class":"Berserker","Type":"Buster","Target":"Single","NP1":47075,"NP2":60525,"NP3":67250,"NP4":70613,"NP5":73975,"SpecialEffect":"-","SE1":"","SE2":"","SE3":"","SE4":"","SE5":""},
{"ID":90,"Rarity":5,"Upgrade":1,"Name":"Nero Claudius [Bride]","Class":"Saber","Type":"Arts","Target":"Single","NP1":48713,"NP2":60892,"NP3":66981,"NP4":70026,"NP5":73070,"SpecialEffect":"-","SE1":"","SE2":"","SE3":"","SE4":"","SE5":""},
{"ID":91,"Rarity":5,"Upgrade":0,"Name":"Ryougi Shiki","Class":"Saber","Type":"Arts","Target":"AoE","NP1":22140,"NP2":29519,"NP3":33209,"NP4":35054,"NP5":36899,"SpecialEffect":"-","SE1":"","SE2":"","SE3":"","SE4":"","SE5":""},
{"ID":92,"Rarity":4,"Upgrade":0,"Name":"Ryougi Shiki","Class":"Assassin","Type":"Arts","Target":"Single","NP1":27573,"NP2":36764,"NP3":41360,"NP4":43658,"NP5":45956,"SpecialEffect":"-","SE1":"","SE2":"","SE3":"","SE4":"","SE5":""},
{"ID":93,"Rarity":5,"Upgrade":1,"Name":"Amakusa Shirou","Class":"Ruler","Type":"Buster","Target":"AoE","NP1":23626,"NP2":29532,"NP3":32485,"NP4":33962,"NP5":35438,"SpecialEffect":"-","SE1":"","SE2":"","SE3":"","SE4":"","SE5":""},
{"ID":94,"Rarity":4,"Upgrade":1,"Name":"Astolfo","Class":"Rider","Type":"Quick","Target":"AoE","NP1":20782,"NP2":25978,"NP3":28576,"NP4":29875,"NP5":31174,"SpecialEffect":"-","SE1":"","SE2":"","SE3":"","SE4":"","SE5":""},
{"ID":95,"Rarity":3,"Upgrade":1,"Name":"Child Gil","Class":"Archer","Type":"Buster","Target":"AoE","NP1":13970,"NP2":17418,"NP3":19143,"NP4":20005,"NP5":20867,"SpecialEffect":"-","SE1":"","SE2":"","SE3":"","SE4":"","SE5":""},
{"ID":96,"Rarity":5,"Upgrade":1,"Name":"Count of Monte Cristo","Class":"Avenger","Type":"Quick","Target":"AoE","NP1":33131,"NP2":41414,"NP3":45555,"NP4":47626,"NP5":49697,"SpecialEffect":"-","SE1":"","SE2":"","SE3":"","SE4":"","SE5":""},
{"ID":97,"Rarity":5,"Upgrade":1,"Name":"Nightingale","Class":"Berserker","Type":"Arts","Target":"AoE","NP1":"","NP2":"","NP3":"","NP4":"","NP5":"","SpecialEffect":"","SE1":"","SE2":"","SE3":"","SE4":"","SE5":""},
{"ID":98,"Rarity":5,"Upgrade":0,"Name":"Cu Chulainn [Alter]","Class":"Berserker","Type":"Buster","Target":"Single","NP1":43466,"NP2":57905,"NP3":65124,"NP4":68734,"NP5":72343,"SpecialEffect":"-","SE1":"","SE2":"","SE3":"","SE4":"","SE5":""},
{"ID":99,"Rarity":5,"Upgrade":1,"Name":"Queen Medb","Class":"Rider","Type":"Buster","Target":"Single","NP1":46765,"NP2":58457,"NP3":64302,"NP4":67225,"NP5":70148,"SpecialEffect":"Male","SE1":70148,"SE2":87685,"SE3":96453,"SE4":100838,"SE5":105222},
{"ID":100,"Rarity":4,"Upgrade":1,"Name":"Helena Blavatsky","Class":"Caster","Type":"Arts","Target":"AoE","NP1":23320,"NP2":29151,"NP3":32066,"NP4":33523,"NP5":34981,"SpecialEffect":"-","SE1":"","SE2":"","SE3":"","SE4":"","SE5":""},
{"ID":101,"Rarity":4,"Upgrade":0,"Name":"Rama","Class":"Saber","Type":"Buster","Target":"Single","NP1":26712,"NP2":35549,"NP3":39968,"NP4":42177,"NP5":44387,"SpecialEffect":"Demon","SE1":39968,"SE2":53224,"SE3":59852,"SE4":63166,"SE5":66480},
{"ID":102,"Rarity":4,"Upgrade":0,"Name":"Li Shuwen","Class":"Lancer","Type":"Arts","Target":"Single","NP1":34731,"NP2":46309,"NP3":52097,"NP4":54991,"NP5":57886,"SpecialEffect":"-","SE1":"","SE2":"","SE3":"","SE4":"","SE5":""},
{"ID":103,"Rarity":4,"Upgrade":1,"Name":"Thomas Edison","Class":"Caster","Type":"Arts","Target":"AoE","NP1":11563,"NP2":14454,"NP3":15899,"NP4":16622,"NP5":17345,"SpecialEffect":"-","SE1":"","SE2":"","SE3":"","SE4":"","SE5":""},
{"ID":104,"Rarity":3,"Upgrade":1,"Name":"Geronimo","Class":"Caster","Type":"Arts","Target":"AoE","NP1":15418,"NP2":19273,"NP3":21200,"NP4":22164,"NP5":23127,"SpecialEffect":"-","SE1":"","SE2":"","SE3":"","SE4":"","SE5":""},
{"ID":105,"Rarity":3,"Upgrade":1,"Name":"Billy the Kid","Class":"Archer","Type":"Quick","Target":"Single","NP1":23611,"NP2":29514,"NP3":32466,"NP4":33941,"NP5":35417,"SpecialEffect":"-","SE1":"","SE2":"","SE3":"","SE4":"","SE5":""},
{"ID":106,"Rarity":5,"Upgrade":0,"Name":"Jeanne D'Arc [Alter]","Class":"Avenger","Type":"Buster","Target":"Single","NP1":58380,"NP2":77841,"NP3":87571,"NP4":92436,"NP5":97301,"SpecialEffect":"-","SE1":"","SE2":"","SE3":"","SE4":"","SE5":""},
{"ID":107,"Rarity":0,"Upgrade":0,"Name":"Angra Mainyu","Class":"Avenger","Type":"Arts","Target":"Single","NP1":"","NP2":"","NP3":"","NP4":"","NP5":"","SpecialEffect":"","SE1":"","SE2":"","SE3":"","SE4":"","SE5":""},
{"ID":108,"Rarity":5,"Upgrade":1,"Name":"Iskandar","Class":"Rider","Type":"Buster","Target":"AoE","NP1":36965,"NP2":46169,"NP3":50770,"NP4":53071,"NP5":55372,"SpecialEffect":"-","SE1":"","SE2":"","SE3":"","SE4":"","SE5":""},
{"ID":109,"Rarity":4,"Upgrade":1,"Name":"Emiya [Assassin]","Class":"Assassin","Type":"Arts","Target":"Single","NP1":34630,"NP2":43287,"NP3":47616,"NP4":49781,"NP5":51945,"SpecialEffect":"-","SE1":"","SE2":"","SE3":"","SE4":"","SE5":""},
{"ID":110,"Rarity":3,"Upgrade":1,"Name":"Hassan of a Hundred Faces","Class":"Assassin","Type":"Arts","Target":"Single","NP1":24820,"NP2":31025,"NP3":34127,"NP4":35678,"NP5":37229,"SpecialEffect":"-","SE1":"","SE2":"","SE3":"","SE4":"","SE5":""},
{"ID":111,"Rarity":4,"Upgrade":0,"Name":"Irisviel [Dress of Heaven]","Class":"Caster","Type":"Arts","Target":"AoE","NP1":"","NP2":"","NP3":"","NP4":"","NP5":"","SpecialEffect":"","SE1":"","SE2":"","SE3":"","SE4":"","SE5":""},
{"ID":112,"Rarity":5,"Upgrade":1,"Name":"Shuten Douji","Class":"Assassin","Type":"Arts","Target":"AoE","NP1":29370,"NP2":36713,"NP3":40384,"NP4":42219,"NP5":44055,"SpecialEffect":"-","SE1":"","SE2":"","SE3":"","SE4":"","SE5":""},
{"ID":113,"Rarity":5,"Upgrade":1,"Name":"Genjou Sanzou","Class":"Caster","Type":"Buster","Target":"Single","NP1":37731,"NP2":47164,"NP3":51880,"NP4":54238,"NP5":56596,"SpecialEffect":"-","SE1":"","SE2":"","SE3":"","SE4":"","SE5":""},
{"ID":114,"Rarity":5,"Upgrade":0,"Name":"Minamoto no Yorimitsu","Class":"Berserker","Type":"Buster","Target":"AoE","NP1":20449,"NP2":27215,"NP3":30598,"NP4":32290,"NP5":33982,"SpecialEffect":"Demon , SV Earth / Sky","SE1":30598,"SE2":40748,"SE3":45823,"SE4":48360,"SE5":50897},
{"ID":115,"Rarity":4,"Upgrade":0,"Name":"Sakata Kintoki","Class":"Rider","Type":"Quick","Target":"Single","NP1":33594,"NP2":44742,"NP3":50316,"NP4":53103,"NP5":55889,"SpecialEffect":"-","SE1":"","SE2":"","SE3":"","SE4":"","SE5":""},
{"ID":116,"Rarity":4,"Upgrade":0,"Name":"Ibaraki Douji","Class":"Berserker","Type":"Buster","Target":"Single","NP1":40803,"NP2":54404,"NP3":61204,"NP4":64604,"NP5":68005,"SpecialEffect":"-","SE1":"","SE2":"","SE3":"","SE4":"","SE5":""},
{"ID":117,"Rarity":3,"Upgrade":1,"Name":"Fuuma Kotarou","Class":"Assassin","Type":"Quick","Target":"AoE","NP1":10719,"NP2":13399,"NP3":14739,"NP4":15409,"NP5":16078,"SpecialEffect":"-","SE1":"","SE2":"","SE3":"","SE4":"","SE5":""},
{"ID":118,"Rarity":5,"Upgrade":0,"Name":"Ozymandias","Class":"Rider","Type":"Buster","Target":"Single","NP1":42598,"NP2":56739,"NP3":63809,"NP4":67345,"NP5":70880,"SpecialEffect":"-","SE1":"","SE2":"","SE3":"","SE4":"","SE5":""},
{"ID":119,"Rarity":5,"Upgrade":0,"Name":"Artoria Pendragon","Class":"Lancer","Type":"Buster","Target":"AoE","NP1":23073,"NP2":30764,"NP3":34609,"NP4":36532,"NP5":38455,"SpecialEffect":"-","SE1":"","SE2":"","SE3":"","SE4":"","SE5":""},
{"ID":120,"Rarity":4,"Upgrade":1,"Name":"Nitocris","Class":"Caster","Type":"Arts","Target":"AoE","NP1":13919,"NP2":17355,"NP3":19073,"NP4":19932,"NP5":20791,"SpecialEffect":"-","SE1":"","SE2":"","SE3":"","SE4":"","SE5":""},
{"ID":121,"Rarity":4,"Upgrade":0,"Name":"Lancelot","Class":"Saber","Type":"Arts","Target":"Single","NP1":29464,"NP2":39285,"NP3":44196,"NP4":46651,"NP5":49106,"SpecialEffect":"-","SE1":"","SE2":"","SE3":"","SE4":"","SE5":""},
{"ID":122,"Rarity":4,"Upgrade":1,"Name":"Tristan","Class":"Archer","Type":"Quick","Target":"Single","NP1":30024,"NP2":37530,"NP3":41283,"NP4":43159,"NP5":45035,"SpecialEffect":"-","SE1":"","SE2":"","SE3":"","SE4":"","SE5":""},
{"ID":123,"Rarity":4,"Upgrade":0,"Name":"Gawain","Class":"Saber","Type":"Buster","Target":"AoE","NP1":15265,"NP2":20353,"NP3":22897,"NP4":24169,"NP5":25441,"SpecialEffect":"Sunlight","SE1":19844,"SE2":26459,"SE3":29766,"SE4":31420,"SE5":33073},
{"ID":124,"Rarity":3,"Upgrade":1,"Name":"Hassan of Serenity","Class":"Assassin","Type":"Arts","Target":"Single","NP1":18968,"NP2":23710,"NP3":26081,"NP4":27266,"NP5":28452,"SpecialEffect":"-","SE1":"","SE2":"","SE3":"","SE4":"","SE5":""},
{"ID":125,"Rarity":3,"Upgrade":1,"Name":"Tawara Touta","Class":"Archer","Type":"Buster","Target":"AoE","NP1":13689,"NP2":17111,"NP3":18822,"NP4":19678,"NP5":20533,"SpecialEffect":"Demon","SE1":20533,"SE2":25667,"SE3":28233,"SE4":29517,"SE5":30800},
{"ID":126,"Rarity":3,"Upgrade":1,"Name":"Bedivere","Class":"Saber","Type":"Buster","Target":"Single","NP1":35906,"NP2":44883,"NP3":49371,"NP4":51615,"NP5":53859,"SpecialEffect":"-","SE1":"","SE2":"","SE3":"","SE4":"","SE5":""},
{"ID":127,"Rarity":5,"Upgrade":1,"Name":"Leonardo Da Vinci","Class":"Caster","Type":"Arts","Target":"AoE","NP1":25352,"NP2":31690,"NP3":34859,"NP4":36444,"NP5":38028,"SpecialEffect":"-","SE1":"","SE2":"","SE3":"","SE4":"","SE5":""},
{"ID":128,"Rarity":5,"Upgrade":0,"Name":"Tamamo no Mae","Class":"Lancer","Type":"Buster","Target":"Single","NP1":38460,"NP2":51203,"NP3":57575,"NP4":60760,"NP5":63946,"SpecialEffect":"Male","SE1":57575,"SE2":76689,"SE3":86247,"SE4":91026,"SE5":95804},
{"ID":129,"Rarity":5,"Upgrade":0,"Name":"Artoria Pendragon","Class":"Archer","Type":"Arts","Target":"Single","NP1":39881,"NP2":53174,"NP3":59821,"NP4":63144,"NP5":66468,"SpecialEffect":"-","SE1":"","SE2":"","SE3":"","SE4":"","SE5":""},
{"ID":130,"Rarity":4,"Upgrade":0,"Name":"Marie Antoinette","Class":"Caster","Type":"Arts","Target":"AoE","NP1":12318,"NP2":16424,"NP3":18477,"NP4":19504,"NP5":20530,"SpecialEffect":"-","SE1":"","SE2":"","SE3":"","SE4":"","SE5":""},
{"ID":131,"Rarity":4,"Upgrade":0,"Name":"Anne Bonny & Mary Read","Class":"Archer","Type":"Buster","Target":"Single","NP1":34489,"NP2":45985,"NP3":51734,"NP4":54608,"NP5":57482,"SpecialEffect":"HP 1","SE1":68978,"SE2":80474,"SE3":86223,"SE4":89097,"SE5":91971},
{"ID":132,"Rarity":4,"Upgrade":0,"Name":"Mordred","Class":"Rider","Type":"Arts","Target":"AoE","NP1":14269,"NP2":19025,"NP3":21403,"NP4":22592,"NP5":23781,"SpecialEffect":"-","SE1":"","SE2":"","SE3":"","SE4":"","SE5":""},
{"ID":133,"Rarity":4,"Upgrade":0,"Name":"Scathach","Class":"Assassin","Type":"Quick","Target":"AoE","NP1":14977,"NP2":19969,"NP3":22466,"NP4":23714,"NP5":24962,"SpecialEffect":"-","SE1":"","SE2":"","SE3":"","SE4":"","SE5":""},
{"ID":134,"Rarity":4,"Upgrade":0,"Name":"Kiyohime","Class":"Lancer","Type":"Buster","Target":"Single","NP1":39866,"NP2":53155,"NP3":59799,"NP4":63121,"NP5":66443,"SpecialEffect":"-","SE1":"","SE2":"","SE3":"","SE4":"","SE5":""},
{"ID":135,"Rarity":4,"Upgrade":0,"Name":"Martha","Class":"Ruler","Type":"Buster","Target":"Single","NP1":24013,"NP2":32018,"NP3":36020,"NP4":38021,"NP5":40022,"SpecialEffect":"Water , Divine / Demon / Undead","SE1":57632,"SE2":76842,"SE3":86448,"SE4":91250,"SE5":96053},
{"ID":136,"Rarity":5,"Upgrade":1,"Name":"Illyasviel von Einzbern","Class":"Caster","Type":"Buster","Target":"Single","NP1":50070,"NP2":62587,"NP3":68846,"NP4":71975,"NP5":75105,"SpecialEffect":"-","SE1":"","SE2":"","SE3":"","SE4":"","SE5":""},
{"ID":137,"Rarity":4,"Upgrade":0,"Name":"Chloe von Einzbern","Class":"Archer","Type":"Arts","Target":"Single","NP1":28791,"NP2":38388,"NP3":43187,"NP4":45586,"NP5":47985,"SpecialEffect":"-","SE1":"","SE2":"","SE3":"","SE4":"","SE5":""},
{"ID":138,"Rarity":4,"Upgrade":0,"Name":"Elizabeth Bathory [Brave]","Class":"Saber","Type":"Buster","Target":"Single","NP1":31585,"NP2":42114,"NP3":47378,"NP4":50010,"NP5":52642,"SpecialEffect":"-","SE1":"","SE2":"","SE3":"","SE4":"","SE5":""},
{"ID":139,"Rarity":5,"Upgrade":1,"Name":"Cleopatra","Class":"Assassin","Type":"Buster","Target":"AoE","NP1":27339,"NP2":34155,"NP3":37571,"NP4":39279,"NP5":40987,"SpecialEffect":"-","SE1":"","SE2":"","SE3":"","SE4":"","SE5":""},
{"ID":140,"Rarity":4,"Upgrade":0,"Name":"Vlad III [EXTRA]","Class":"Lancer","Type":"Buster","Target":"Single","NP1":30084,"NP2":40112,"NP3":45126,"NP4":47633,"NP5":50140,"SpecialEffect":"Evil","SE1":45126,"SE2":60169,"SE3":67690,"SE4":71450,"SE5":75211},
{"ID":141,"Rarity":4,"Upgrade":0,"Name":"Jeanne D'Arc Alter Santa Lily","Class":"Lancer","Type":"Buster","Target":"AoE","NP1":17284,"NP2":23046,"NP3":25926,"NP4":27367,"NP5":28807,"SpecialEffect":"-","SE1":"","SE2":"","SE3":"","SE4":"","SE5":""},
{"ID":142,"Rarity":5,"Upgrade":0,"Name":"Ishtar","Class":"Archer","Type":"Buster","Target":"AoE","NP1":26581,"NP2":35442,"NP3":39872,"NP4":42087,"NP5":44302,"SpecialEffect":"-","SE1":"","SE2":"","SE3":"","SE4":"","SE5":""},
{"ID":143,"Rarity":5,"Upgrade":0,"Name":"Enkidu","Class":"Lancer","Type":"Buster","Target":"Single","NP1":46087,"NP2":61449,"NP3":69130,"NP4":72971,"NP5":76811,"SpecialEffect":"-","SE1":"","SE2":"","SE3":"","SE4":"","SE5":""},
{"ID":144,"Rarity":5,"Upgrade":0,"Name":"Quetzalcoatl","Class":"Rider","Type":"Buster","Target":"Single","NP1":42633,"NP2":56744,"NP3":63799,"NP4":67327,"NP5":70854,"SpecialEffect":"-","SE1":"","SE2":"","SE3":"","SE4":"","SE5":""},
{"ID":145,"Rarity":4,"Upgrade":0,"Name":"Gilgamesh","Class":"Caster","Type":"Arts","Target":"AoE","NP1":15103,"NP2":20078,"NP3":22566,"NP4":23810,"NP5":25054,"SpecialEffect":"-","SE1":"","SE2":"","SE3":"","SE4":"","SE5":""},
{"ID":146,"Rarity":4,"Upgrade":1,"Name":"Medusa","Class":"Lancer","Type":"Quick","Target":"Single","NP1":37434,"NP2":46730,"NP3":51378,"NP4":53702,"NP5":56026,"SpecialEffect":"-","SE1":"","SE2":"","SE3":"","SE4":"","SE5":""},
{"ID":147,"Rarity":4,"Upgrade":1,"Name":"Gorgon","Class":"Avenger","Type":"Buster","Target":"AoE","NP1":26655,"NP2":33318,"NP3":36650,"NP4":38316,"NP5":39982,"SpecialEffect":"-","SE1":"","SE2":"","SE3":"","SE4":"","SE5":""},
{"ID":148,"Rarity":3,"Upgrade":0,"Name":"Jaguar Man","Class":"Lancer","Type":"Buster","Target":"Single","NP1":34523,"NP2":39893,"NP3":44880,"NP4":47373,"NP5":49866,"SpecialEffect":"-","SE1":"","SE2":"","SE3":"","SE4":"","SE5":""},
{"ID":150,"Rarity":5,"Upgrade":0,"Name":"Merlin","Class":"Caster","Type":"Arts","Target":"AoE","NP1":"","NP2":"","NP3":"","NP4":"","NP5":"","SpecialEffect":"","SE1":"","SE2":"","SE3":"","SE4":"","SE5":""},
{"ID":153,"Rarity":5,"Upgrade":0,"Name":"Miyamoto Musashi","Class":"Saber","Type":"Buster","Target":"Single","NP1":48576,"NP2":64768,"NP3":72864,"NP4":76912,"NP5":80960,"SpecialEffect":"-","SE1":"","SE2":"","SE3":"","SE4":"","SE5":""},
{"ID":154,"Rarity":5,"Upgrade":0,"Name":"Yama no Okina","Class":"Assassin","Type":"Buster","Target":"Single","NP1":43084,"NP2":57446,"NP3":64627,"NP4":68217,"NP5":71807,"SpecialEffect":"-","SE1":"","SE2":"","SE3":"","SE4":"","SE5":""},
{"ID":155,"Rarity":5,"Upgrade":0,"Name":"Mysterious Heroine X [Alter]","Class":"Berserker","Type":"Quick","Target":"Single","NP1":45895,"NP2":61194,"NP3":68843,"NP4":72668,"NP5":76492,"SpecialEffect":"Saber Class SV","SE1":68843,"SE2":91791,"SE3":103264,"SE4":109001,"SE5":114738},
{"ID":156,"Rarity":5,"Upgrade":0,"Name":"James Moriarty","Class":"Archer","Type":"Buster","Target":"Single","NP1":42225,"NP2":56300,"NP3":63337,"NP4":66856,"NP5":70375,"SpecialEffect":"-","SE1":"","SE2":"","SE3":"","SE4":"","SE5":""},
{"ID":157,"Rarity":4,"Upgrade":1,"Name":"EMIYA [Alter]","Class":"Archer","Type":"Arts","Target":"Single","NP1":47701,"NP2":59627,"NP3":65589,"NP4":68571,"NP5":71552,"SpecialEffect":"-","SE1":"","SE2":"","SE3":"","SE4":"","SE5":""},
{"ID":158,"Rarity":4,"Upgrade":0,"Name":"Hessian Lobo","Class":"Avenger","Type":"Quick","Target":"Single","NP1":36715,"NP2":48953,"NP3":55072,"NP4":58132,"NP5":61191,"SpecialEffect":"-","SE1":"","SE2":"","SE3":"","SE4":"","SE5":""},
{"ID":159,"Rarity":4,"Upgrade":0,"Name":"Yan Qing","Class":"Assassin","Type":"Quick","Target":"Single","NP1":25918,"NP2":34557,"NP3":38877,"NP4":41037,"NP5":43197,"SpecialEffect":"-","SE1":"","SE2":"","SE3":"","SE4":"","SE5":""},
{"ID":160,"Rarity":5,"Upgrade":0,"Name":"Arthur Pendragon [Prototype]","Class":"Saber","Type":"Buster","Target":"AoE","NP1":22995,"NP2":30660,"NP3":34492,"NP4":36409,"NP5":38325,"SpecialEffect":"Giant Monster","SE1":43899,"SE2":58532,"SE3":65849,"SE4":69507,"SE5":73165},
{"ID":161,"Rarity":5,"Upgrade":0,"Name":"Hijikata Toshizou","Class":"Berserker","Type":"Buster","Target":"Single","NP1":37255,"NP2":49673,"NP3":55882,"NP4":58986,"NP5":62091,"SpecialEffect":"HP1","SE1":74509,"SE2":86927,"SE3":93136,"SE4":96241,"SE5":99346},
{"ID":162,"Rarity":4,"Upgrade":0,"Name":"Chacha","Class":"Berserker","Type":"Buster","Target":"AoE","NP1":12828,"NP2":17104,"NP3":19242,"NP4":20311,"NP5":21380,"SpecialEffect":"-","SE1":"","SE2":"","SE3":"","SE4":"","SE5":""},
{"ID":163,"Rarity":5,"Upgrade":0,"Name":"Meltlilith","Class":"Alter Ego","Type":"Quick","Target":"Single","NP1":51374,"NP2":68424,"NP3":76949,"NP4":81211,"NP5":85474,"SpecialEffect":"2nd spam","SE1":56110,"SE2":74739,"SE3":84053,"SE4":88710,"SE5":93367},
{"ID":164,"Rarity":4,"Upgrade":0,"Name":"Passionlip","Class":"Alter Ego","Type":"Buster","Target":"AoE","NP1":15403,"NP2":20470,"NP3":23004,"NP4":24271,"NP5":25538,"SpecialEffect":"HP1","SE1":21250,"SE2":28267,"SE3":31775,"SE4":33529,"SE5":35283},
{"ID":165,"Rarity":4,"Upgrade":0,"Name":"Suzuka Gozen","Class":"Saber","Type":"Buster","Target":"AoE","NP1":18534,"NP2":24645,"NP3":27701,"NP4":29229,"NP5":30757,"SpecialEffect":"-","SE1":"","SE2":"","SE3":"","SE4":"","SE5":""},
{"ID":166,"Rarity":4,"Upgrade":0,"Name":"BB","Class":"Moon Cancer","Type":"Arts","Target":"Single","NP1":20942,"NP2":27922,"NP3":31412,"NP4":33157,"NP5":34903,"SpecialEffect":"-","SE1":"","SE2":"","SE3":"","SE4":"","SE5":""},
{"ID":167,"Rarity":5,"Upgrade":0,"Name":"Sessyoin Kiara","Class":"Alter Ego","Type":"Arts","Target":"AoE","NP1":22158,"NP2":29544,"NP3":33237,"NP4":35084,"NP5":36930,"SpecialEffect":"Ruler","SE1":33237,"SE2":44316,"SE3":49856,"SE4":52626,"SE5":55396},
{"ID":169,"Rarity":5,"Upgrade":1,"Name":"Scheherazade","Class":"Caster","Type":"Arts","Target":"AoE","NP1":21536,"NP2":26920,"NP3":29612,"NP4":30958,"NP5":32304,"SpecialEffect":"King","SE1":43073,"SE2":53841,"SE3":59225,"SE4":61917,"SE5":64609},
{"ID":170,"Rarity":4,"Upgrade":0,"Name":"Wu Zetian","Class":"Assassin","Type":"Quick","Target":"Single","NP1":35305,"NP2":47073,"NP3":52957,"NP4":55900,"NP5":58842,"SpecialEffect":"-","SE1":"","SE2":"","SE3":"","SE4":"","SE5":""},
{"ID":171,"Rarity":4,"Upgrade":0,"Name":"Penthesilea","Class":"Berserker","Type":"Buster","Target":"Single","NP1":40969,"NP2":54567,"NP3":61365,"NP4":64765,"NP5":68164,"SpecialEffect":"Greek Mythology Males","SE1":81762,"SE2":108958,"SE3":122556,"SE4":129355,"SE5":136154},
{"ID":172,"Rarity":3,"Upgrade":1,"Name":"Christopher Columbus","Class":"Rider","Type":"Buster","Target":"AoE","NP1":16253,"NP2":20316,"NP3":22348,"NP4":23364,"NP5":24379,"SpecialEffect":"-","SE1":"","SE2":"","SE3":"","SE4":"","SE5":""},
{"ID":173,"Rarity":5,"Upgrade":0,"Name":"Sherlock Holmes","Class":"Ruler","Type":"Arts","Target":"AoE","NP1":"","NP2":"","NP3":"","NP4":"","NP5":"","SpecialEffect":"","SE1":"","SE2":"","SE3":"","SE4":"","SE5":""},
{"ID":174,"Rarity":1,"Upgrade":0,"Name":"Paul Bunyan","Class":"Berserker","Type":"Buster","Target":"AoE","NP1":11933,"NP2":15911,"NP3":17900,"NP4":18894,"NP5":19889,"SpecialEffect":"-","SE1":"","SE2":"","SE3":"","SE4":"","SE5":""},
{"ID":175,"Rarity":5,"Upgrade":0,"Name":"Nero Claudius","Class":"Caster","Type":"Buster","Target":"AoE","NP1":23857,"NP2":31809,"NP3":35785,"NP4":37773,"NP5":39761,"SpecialEffect":"-","SE1":"","SE2":"","SE3":"","SE4":"","SE5":""},
{"ID":176,"Rarity":4,"Upgrade":0,"Name":"Frankenstein","Class":"Saber","Type":"Quick","Target":"Single","NP1":36868,"NP2":49157,"NP3":55032,"NP4":58374,"NP5":61446,"SpecialEffect":"-","SE1":"","SE2":"","SE3":"","SE4":"","SE5":""},
{"ID":177,"Rarity":4,"Upgrade":0,"Name":"Nitocris","Class":"Assassin","Type":"Arts","Target":"AoE","NP1":14443,"NP2":19196,"NP3":21572,"NP4":22760,"NP5":23949,"SpecialEffect":"-","SE1":"","SE2":"","SE3":"","SE4":"","SE5":""},
{"ID":178,"Rarity":4,"Upgrade":0,"Name":"Oda Nobunaga","Class":"Berserker","Type":"Buster","Target":"Single","NP1":31978,"NP2":42637,"NP3":47967,"NP4":50632,"NP5":53297,"SpecialEffect":"Fire , Divinity","SE1":57561,"SE2":76747,"SE3":86341,"SE4":91138,"SE5":95934},
{"ID":179,"Rarity":5,"Upgrade":0,"Name":"Artoria Pendragon [Alter]","Class":"Rider","Type":"Quick","Target":"Single","NP1":53407,"NP2":71209,"NP3":80110,"NP4":84561,"NP5":89011,"SpecialEffect":"Stack Skill 3","SE1":63547,"SE2":84730,"SE3":95321,"SE4":100617,"SE5":105912},
{"ID":180,"Rarity":4,"Upgrade":0,"Name":"Helena Blavatsky","Class":"Archer","Type":"Arts","Target":"AoE","NP1":16379,"NP2":21173,"NP3":23569,"NP4":24767,"NP5":25966,"SpecialEffect":"-","SE1":"","SE2":"","SE3":"","SE4":"","SE5":""},
{"ID":181,"Rarity":4,"Upgrade":0,"Name":"Minamoto no Yorimitsu","Class":"Lancer","Type":"Buster","Target":"Single","NP1":38719,"NP2":51626,"NP3":58079,"NP4":61306,"NP5":64532,"SpecialEffect":"-","SE1":"","SE2":"","SE3":"","SE4":"","SE5":""},
{"ID":182,"Rarity":4,"Upgrade":0,"Name":"Ishtar","Class":"Rider","Type":"Quick","Target":"AoE","NP1":18018,"NP2":23949,"NP3":26914,"NP4":28397,"NP5":29879,"SpecialEffect":"-","SE1":"","SE2":"","SE3":"","SE4":"","SE5":""},
{"ID":183,"Rarity":4,"Upgrade":0,"Name":"Parvati","Class":"Lancer","Type":"Quick","Target":"AoE","NP1":20856,"NP2":27733,"NP3":31172,"NP4":32891,"NP5":34610,"SpecialEffect":"-","SE1":"","SE2":"","SE3":"","SE4":"","SE5":""},
{"ID":184,"Rarity":4,"Upgrade":0,"Name":"Tomoe Gozen","Class":"Archer","Type":"Buster","Target":"Single","NP1":33443,"NP2":44591,"NP3":50165,"NP4":52952,"NP5":55738,"SpecialEffect":"-","SE1":"","SE2":"","SE3":"","SE4":"","SE5":""},
{"ID":185,"Rarity":4,"Upgrade":0,"Name":"Mochizuki Chiyome","Class":"Assassin","Type":"Arts","Target":"Single","NP1":23032,"NP2":30710,"NP3":34548,"NP4":36468,"NP5":38387,"SpecialEffect":"-","SE1":"","SE2":"","SE3":"","SE4":"","SE5":""},
{"ID":186,"Rarity":3,"Upgrade":0,"Name":"Hozoin Inshun","Class":"Lancer","Type":"Arts","Target":"Single","NP1":"","NP2":"","NP3":"","NP4":"","NP5":"","SpecialEffect":"-","SE1":"","SE2":"","SE3":"","SE4":"","SE5":""},
{"ID":187,"Rarity":4,"Upgrade":0,"Name":"Yagyu Munenori","Class":"Saber","Type":"Arts","Target":"Single","NP1":40982,"NP2":54643,"NP3":61473,"NP4":64889,"NP5":68304,"SpecialEffect":"-","SE1":"","SE2":"","SE3":"","SE4":"","SE5":""},
{"ID":188,"Rarity":4,"Upgrade":0,"Name":"Kato Danzo","Class":"Assassin","Type":"Buster","Target":"AoE","NP1":12031,"NP2":16041,"NP3":18046,"NP4":19049,"NP5":20051,"SpecialEffect":"Demonic","SE1":18046,"SE2":24062,"SE3":27069,"SE4":28573,"SE5":30077},
{"ID":189,"Rarity":5,"Upgrade":1,"Name":"Osakabehime","Class":"Assassin","Type":"Quick","Target":"AoE","NP1":"","NP2":"","NP3":"","NP4":"","NP5":"","SpecialEffect":"-","SE1":"","SE2":"","SE3":"","SE4":"","SE5":""},
{"ID":190,"Rarity":4,"Upgrade":0,"Name":"Mecha Eli-chan","Class":"Alter Ego","Type":"Buster","Target":"Single","NP1":36422,"NP2":48563,"NP3":54633,"NP4":57668,"NP5":60703,"SpecialEffect":"-","SE1":"","SE2":"","SE3":"","SE4":"","SE5":""},
{"ID":191,"Rarity":4,"Upgrade":0,"Name":"Mecha Eli-chan MK II","Class":"Alter Ego","Type":"Buster","Target":"Single","NP1":36422,"NP2":48563,"NP3":54633,"NP4":57668,"NP5":60703,"SpecialEffect":"-","SE1":"","SE2":"","SE3":"","SE4":"","SE5":""},
{"ID":192,"Rarity":4,"Upgrade":0,"Name":"Circe","Class":"Caster","Type":"Buster","Target":"Single","NP1":21620,"NP2":28827,"NP3":32431,"NP4":34232,"NP5":36034,"SpecialEffect":"-","SE1":"","SE2":"","SE3":"","SE4":"","SE5":""},
{"ID":193,"Rarity":4,"Upgrade":0,"Name":"Nezha","Class":"Lancer","Type":"Buster","Target":"AoE","NP1":16094,"NP2":21458,"NP3":24140,"NP4":25482,"NP5":26823,"SpecialEffect":"-","SE1":"","SE2":"","SE3":"","SE4":"","SE5":""},
{"ID":194,"Rarity":4,"Upgrade":0,"Name":"Queen of Sheba","Class":"Caster","Type":"Arts","Target":"Single","NP1":26626,"NP2":35502,"NP3":39939,"NP4":42158,"NP5":44377,"SpecialEffect":"-","SE1":"","SE2":"","SE3":"","SE4":"","SE5":""},
{"ID":195,"Rarity":5,"Upgrade":0,"Name":"Abigail Williams","Class":"Foreigner","Type":"Buster","Target":"Single","NP1":45862,"NP2":61091,"NP3":68705,"NP4":72512,"NP5":76320,"SpecialEffect":"-","SE1":"","SE2":"","SE3":"","SE4":"","SE5":""},
{"ID":196,"Rarity":5,"Upgrade":0,"Name":"Ereshkigal","Class":"Lancer","Type":"Buster","Target":"AoE","NP1":19948,"NP2":26523,"NP3":29810,"NP4":31453,"NP5":33097,"SpecialEffect":"PFTN","SE1":23893,"SE2":31782,"SE3":35727,"SE4":37699,"SE5":39671},
{"ID":197,"Rarity":4,"Upgrade":0,"Name":"Attila","Class":"Archer","Type":"Quick","Target":"Single","NP1":33034,"NP2":43987,"NP3":49464,"NP4":52202,"NP5":54940,"SpecialEffect":"-","SE1":"","SE2":"","SE3":"","SE4":"","SE5":""},
{"ID":198,"Rarity":5,"Upgrade":0,"Name":"Katsushika Hokusai","Class":"Foreigner","Type":"Arts","Target":"AoE","NP1":18343,"NP2":24400,"NP3":27428,"NP4":28942,"NP5":30456,"SpecialEffect":"Man","SE1":27428,"SE2":36512,"SE3":41054,"SE4":43325,"SE5":45596},
{"ID":199,"Rarity":5,"Upgrade":0,"Name":"Semiramis","Class":"Assassin","Type":"Buster","Target":"AoE","NP1":19069,"NP2":25375,"NP3":28528,"NP4":30104,"NP5":31681,"SpecialEffect":"-","SE1":"","SE2":"","SE3":"","SE4":"","SE5":""},
{"ID":200,"Rarity":4,"Upgrade":0,"Name":"Asagami Fujino","Class":"Archer","Type":"Buster","Target":"Single","NP1":29996,"NP2":39995,"NP3":44994,"NP4":47494,"NP5":49994,"SpecialEffect":"-","SE1":"","SE2":"","SE3":"","SE4":"","SE5":""},
{"ID":201,"Rarity":5,"Upgrade":0,"Name":"Anastasia Nikolaevna Romanova","Class":"Caster","Type":"Arts","Target":"AoE","NP1":20908,"NP2":27877,"NP3":31362,"NP4":33104,"NP5":34847,"SpecialEffect":"-","SE1":"","SE2":"","SE3":"","SE4":"","SE5":""},
{"ID":202,"Rarity":4,"Upgrade":0,"Name":"Atalanta [Alter]","Class":"Berserker","Type":"Quick","Target":"Single","NP1":39368,"NP2":52491,"NP3":59053,"NP4":62333,"NP5":65614,"SpecialEffect":"-","SE1":"","SE2":"","SE3":"","SE4":"","SE5":""},
{"ID":203,"Rarity":3,"Upgrade":0,"Name":"Avicebron","Class":"Caster","Type":"Buster","Target":"AoE","NP1":8932,"NP2":11909,"NP3":13398,"NP4":14142,"NP5":14887,"SpecialEffect":"-","SE1":"","SE2":"","SE3":"","SE4":"","SE5":""},
{"ID":204,"Rarity":3,"Upgrade":0,"Name":"Antonio Salieri","Class":"Avenger","Type":"Arts","Target":"AoE","NP1":17557,"NP2":23409,"NP3":26336,"NP4":27799,"NP5":29262,"SpecialEffect":"-","SE1":"","SE2":"","SE3":"","SE4":"","SE5":""},
{"ID":205,"Rarity":5,"Upgrade":0,"Name":"Ivan the Terrible","Class":"Rider","Type":"Buster","Target":"AoE","NP1":23770,"NP2":31694,"NP3":35656,"NP4":37636,"NP5":39617,"SpecialEffect":"-","SE1":"","SE2":"","SE3":"","SE4":"","SE5":""},
{"ID":206,"Rarity":5,"Upgrade":0,"Name":"Achilles","Class":"Rider","Type":"Quick","Target":"AoE","NP1":23049,"NP2":30682,"NP3":34498,"NP4":36406,"NP5":38315,"SpecialEffect":"-","SE1":"","SE2":"","SE3":"","SE4":"","SE5":""},
{"ID":207,"Rarity":4,"Upgrade":0,"Name":"Chiron","Class":"Archer","Type":"Arts","Target":"Single","NP1":26466,"NP2":35238,"NP3":39624,"NP4":41817,"NP5":44040,"SpecialEffect":"-","SE1":"","SE2":"","SE3":"","SE4":"","SE5":""},
{"ID":208,"Rarity":4,"Upgrade":0,"Name":"Sieg","Class":"Caster","Type":"Arts","Target":"AoE","NP1":14963,"NP2":19951,"NP3":22445,"NP4":23692,"NP5":24939,"SpecialEffect":"Dragon","SE1":29927,"SE2":39902,"SE3":44890,"SE4":47384,"SE5":49878},
{"ID":209,"Rarity":5,"Upgrade":0,"Name":"Okita Souji [Alter]","Class":"Alter Ego","Type":"Buster","Target":"AoE","NP1":23552,"NP2":31403,"NP3":35328,"NP4":37291,"NP5":39254,"SpecialEffect":"-","SE1":"","SE2":"","SE3":"","SE4":"","SE5":""},
{"ID":210,"Rarity":3,"Upgrade":0,"Name":"Okada Izou","Class":"Assassin","Type":"Arts","Target":"Single","NP1":14679,"NP2":19571,"NP3":22018,"NP4":23241,"NP5":24464,"SpecialEffect":"Humanoid","SE1":29357,"SE2":39143,"SE3":44036,"SE4":46482,"SE5":48929},
{"ID":211,"Rarity":4,"Upgrade":0,"Name":"Sakamoto Ryouma","Class":"Rider","Type":"Arts","Target":"Single","NP1":27940,"NP2":37196,"NP3":41824,"NP4":44138,"NP5":46453,"SpecialEffect":"-","SE1":"","SE2":"","SE3":"","SE4":"","SE5":""},
{"ID":212,"Rarity":5,"Upgrade":0,"Name":"Napoleon Bonaparte","Class":"Archer","Type":"Buster","Target":"AoE","NP1":21529,"NP2":28705,"NP3":32293,"NP4":34087,"NP5":35881,"SpecialEffect":"Divinity","SE1":32293,"SE2":43057,"SE3":48440,"SE4":51131,"SE5":53822},
{"ID":213,"Rarity":5,"Upgrade":0,"Name":"Sigurd","Class":"Saber","Type":"Buster","Target":"Single","NP1":41984,"NP2":55920,"NP3":62888,"NP4":66372,"NP5":69856,"SpecialEffect":"Dragon","SE1":62888,"SE2":83793,"SE3":94245,"SE4":99471,"SE5":104697},
{"ID":214,"Rarity":4,"Upgrade":0,"Name":"Valkyrie","Class":"Lancer","Type":"Quick","Target":"AoE","NP1":16542,"NP2":21989,"NP3":24713,"NP4":26075,"NP5":27437,"SpecialEffect":"-","SE1":"","SE2":"","SE3":"","SE4":"","SE5":""},
{"ID":215,"Rarity":5,"Upgrade":0,"Name":"Scathach=Skadi","Class":"Caster","Type":"Arts","Target":"AoE","NP1":"","NP2":"","NP3":"","NP4":"","NP5":"","SpecialEffect":"-","SE1":"","SE2":"","SE3":"","SE4":"","SE5":""},
{"ID":216,"Rarity":5,"Upgrade":0,"Name":"Jeanne D'Arc","Class":"Archer","Type":"Arts","Target":"AoE","NP1":21214,"NP2":28285,"NP3":31820,"NP4":33588,"NP5":35356,"SpecialEffect":"","SE1":"","SE2":"","SE3":"","SE4":"","SE5":""},
{"ID":217,"Rarity":4,"Upgrade":0,"Name":"Ibaraki Douji","Class":"Lancer","Type":"Buster","Target":"Single","NP1":35732,"NP2":47643,"NP3":53598,"NP4":56576,"NP5":59553,"SpecialEffect":"","SE1":"","SE2":"","SE3":"","SE4":"","SE5":""},
{"ID":218,"Rarity":4,"Upgrade":0,"Name":"Ushiwakamaru","Class":"Assassin","Type":"Quick","Target":"AoE","NP1":14649,"NP2":19532,"NP3":21973,"NP4":23174,"NP5":24415,"SpecialEffect":"","SE1":"","SE2":"","SE3":"","SE4":"","SE5":""},
{"ID":219,"Rarity":4,"Upgrade":0,"Name":"Jeanne D'Arc [Alter]","Class":"Berserker","Type":"Buster","Target":"Single","NP1":40749,"NP2":54333,"NP3":61124,"NP4":64520,"NP5":67915,"SpecialEffect":"","SE1":"","SE2":"","SE3":"","SE4":"","SE5":""},
{"ID":220,"Rarity":5,"Upgrade":0,"Name":"BB","Class":"Moon Cancer","Type":"Buster","Target":"AoE","NP1":22695,"NP2":30260,"NP3":34043,"NP4":35934,"NP5":37825,"SpecialEffect":"","SE1":"","SE2":"","SE3":"","SE4":"","SE5":""},
{"ID":221,"Rarity":4,"Upgrade":0,"Name":"Queen Medb","Class":"Saber","Type":"Arts","Target":"Single","NP1":26878,"NP2":35837,"NP3":40317,"NP4":42557,"NP5":44797,"SpecialEffect":"","SE1":"","SE2":"","SE3":"","SE4":"","SE5":""},
{"ID":222,"Rarity":4,"Upgrade":0,"Name":"Mysterious Heroine XX","Class":"Foreigner","Type":"Arts","Target":"Single","NP1":37833,"NP2":50444,"NP3":56749,"NP4":59902,"NP5":63055,"SpecialEffect":"Saber Class SV","SE1":56749,"SE2":75666,"SE3":85124,"SE4":89853,"SE5":94582},
{"ID":223,"Rarity":4,"Upgrade":0,"Name":"Diarmuid Ua Duibhne","Class":"Saber","Type":"Quick","Target":"Single","NP1":37469,"NP2":49959,"NP3":56204,"NP4":59326,"NP5":62449,"SpecialEffect":"","SE1":"","SE2":"","SE3":"","SE4":"","SE5":""},
{"ID":224,"Rarity":5,"Upgrade":0,"Name":"Sitonai","Class":"Alter Ego","Type":"Arts","Target":"Single","NP1":44054,"NP2":58738,"NP3":66081,"NP4":69752,"NP5":73424,"SpecialEffect":"","SE1":"","SE2":"","SE3":"","SE4":"","SE5":""},
{"ID":225,"Rarity":4,"Upgrade":0,"Name":"Shuten Douji","Class":"Caster","Type":"Buster","Target":"Single","NP1":30626,"NP2":40835,"NP3":45939,"NP4":48492,"NP5":51044,"SpecialEffect":"Demon","SE1":45939,"SE2":61253,"SE3":68909,"SE4":72737,"SE5":76566},
{"ID":226,"Rarity":5,"Upgrade":0,"Name":"Xiang Yu","Class":"Berserker","Type":"Quick","Target":"AoE","NP1":23895,"NP2":31860,"NP3":35843,"NP4":37834,"NP5":39825,"SpecialEffect":"","SE1":"","SE2":"","SE3":"","SE4":"","SE5":""},
{"ID":227,"Rarity":4,"Upgrade":0,"Name":"Prince of Lanling","Class":"Saber","Type":"Arts","Target":"AoE","NP1":"","NP2":"","NP3":"","NP4":"","NP5":"","SpecialEffect":"","SE1":"","SE2":"","SE3":"","SE4":"","SE5":""},
{"ID":228,"Rarity":4,"Upgrade":0,"Name":"Qin Liangyu","Class":"Lancer","Type":"Arts","Target":"Single","NP1":"","NP2":"","NP3":"","NP4":"","NP5":"","SpecialEffect":"","SE1":"","SE2":"","SE3":"","SE4":"","SE5":""},
{"ID":229,"Rarity":5,"Upgrade":0,"Name":"Shi Huang Di","Class":"Ruler","Type":"Arts","Target":"Single","NP1":"","NP2":"","NP3":"","NP4":"","NP5":"","SpecialEffect":"","SE1":"","SE2":"","SE3":"","SE4":"","SE5":""},
{"ID":230,"Rarity":4,"Upgrade":0,"Name":"Yu Meiren","Class":"Assassin","Type":"Buster","Target":"AoE","NP1":12533,"NP2":16711,"NP3":18800,"NP4":19844,"NP5":20889,"SpecialEffect":"","SE1":"","SE2":"","SE3":"","SE4":"","SE5":""},
{"ID":231,"Rarity":3,"Upgrade":0,"Name":"Red Hare","Class":"Rider","Type":"Quick","Target":"AoE","NP1":13985,"NP2":18647,"NP3":20978,"NP4":22143,"NP5":23308,"SpecialEffect":"","SE1":"","SE2":"","SE3":"","SE4":"","SE5":""},
{"ID":232,"Rarity":5,"Upgrade":0,"Name":"Bradamante","Class":"Lancer","Type":"Quick","Target":"AoE","NP1":21398,"NP2":28531,"NP3":32098,"NP4":33881,"NP5":35664,"SpecialEffect":"","SE1":"","SE2":"","SE3":"","SE4":"","SE5":""},
{"ID":233,"Rarity":4,"Upgrade":0,"Name":"Quetzalcoatl [Samba/Santa]","Class":"Ruler","Type":"Buster","Target":"AoE","NP1":18981,"NP2":25308,"NP3":28471,"NP4":30053,"NP5":31635,"SpecialEffect":"","SE1":"","SE2":"","SE3":"","SE4":"","SE5":""},
{"ID":234,"Rarity":5,"Upgrade":0,"Name":"Beni-Enma","Class":"Saber","Type":"Arts","Target":"Single","NP1":40189,"NP2":53585,"NP3":60283,"NP4":63632,"NP5":66981,"SpecialEffect":"Chaotic・Evil","SE1":72339,"SE2":96453,"SE3":108509,"SE4":114537,"SE5":120566},
{"ID":235,"Rarity":5,"Upgrade":0,"Name":"Li Shuwen","Class":"Assassin","Type":"Arts","Target":"Single","NP1":42653,"NP2":56871,"NP3":63980,"NP4":67534,"NP5":71089,"SpecialEffect":"-","SE1":"","SE2":"","SE3":"","SE4":"","SE5":""},
{"ID":236,"Rarity":4,"Upgrade":0,"Name":"Miyu Edelfelt","Class":"Caster","Type":"Arts","Target":"Single","NP1":"","NP2":"","NP3":"","NP4":"","NP5":"","SpecialEffect":"","SE1":"","SE2":"","SE3":"","SE4":"","SE5":""}]
