[{"singularity":"Fuyuki","alias":["Observer on Timeless Temple", "Part 1"],"total_ap":172,"total_nodes":26,"total_chaps":11,"completion_time":0.6,"image":"Fuyuki"},
{"singularity":"Orleans","alias":["Observer on Timeless Temple", "Part 1"],"total_ap":473,"total_nodes":50,"total_chaps":15,"completion_time":1.64,"image":"Orleans"},
{"singularity":"Septem","alias":["Observer on Timeless Temple", "Part 1"],"total_ap":566,"total_nodes":47,"total_chaps":15,"completion_time":1.97,"image":"Septem"},
{"singularity":"Okeanos","alias":["Observer on Timeless Temple", "Part 1"],"total_ap":756,"total_nodes":50,"total_chaps":14,"completion_time":2.63,"image":"Okeanos"},
{"singularity":"London","alias":["Observer on Timeless Temple", "Part 1"],"total_ap":913,"total_nodes":51,"total_chaps":13,"completion_time":3.17,"image":"London"},
{"singularity":"E Pluribus Unum","alias":["Observer on Timeless Temple", "Part 1", "America"],"total_ap":1217,"total_nodes":62,"total_chaps":22,"completion_time":4.23,"image":"EPluribusUnum"},
{"singularity":"Camelot","alias":["Observer on Timeless Temple", "Part 1"],"total_ap":1666,"total_nodes":78,"total_chaps":17,"completion_time":5.78,"image":"Camelot"},
{"singularity":"Babylonia","alias":["Observer on Timeless Temple", "Part 1"],"total_ap":1665,"total_nodes":89,"total_chaps":22,"completion_time":5.78,"image":"Babylonia"},
{"singularity":"Solomon","alias":["Observer on Timeless Temple", "Part 1", "Salomon"],"total_ap":425,"total_nodes":34,"total_chaps":15,"completion_time":1.48,"image":"Salomon"},
{"singularity":"Shinjuku","alias":["Epic of Remnant 1", "EOR 1"],"total_ap":672,"total_nodes":29,"total_chaps":18,"completion_time":2.33,"image":"Shinjuku"},
{"singularity":"Agartha","alias":["Epic of Remnant 2", "EOR 2"],"total_ap":917,"total_nodes":42,"total_chaps":16,"completion_time":3.18,"image":"Agartha"},
{"singularity":"Shimosa","alias":["Epic of Remnant 3", "EOR 3", "Shimousa"],"total_ap":821,"total_nodes":51,"total_chaps":16,"completion_time":3.2,"image":"Shimosa"},
{"singularity":"Salem","alias":["Epic of Remnant 4", "EOR 4"],"total_ap":646,"total_nodes":37,"total_chaps":10,"completion_time":2.24,"image":"Salem"},
{"singularity":"Anastasia","alias":["Cosmos in the Lostbelt 1", "LB 1", "Part 2"],"total_ap":879,"total_nodes":51,"total_chaps":23,"completion_time":3.05,"image":"Anastasia"},
{"singularity":"Goetterdaemmerung","alias":["Cosmos in the Lostbelt 2", "LB 2", "Part 2"],"total_ap":970,"total_nodes":67,"total_chaps":18,"completion_time":3.37,"image":"Goetterdaemmerung"},
{"singularity":"SIN","alias":["Cosmos in the Lostbelt 3", "LB 3", "Part 2"],"total_ap":755,"total_nodes":38,"total_chaps":16,"completion_time":2.62,"image":"SIN"}]
